Area_Code;Cogs;Difference_Between_Actual_And_Target_Profit;Date;Inventory_Margin;Margin;Market_size;Market;Marketing;Product_line;Product_type;Product;Profit;Sales;State;Target_cogs;Target_margin;Target_profit;Target_sales;Total_expenses;Type;Profit_status;Duplicate_check;Countblank;Derived_gap;Sales_status;Profit_status_vs_Target;Sum_of_sales;Sum_of_profits
303;51;-35;10/1/2012;503;71;Major Market;Central;46;Leaves;Herbal Tea;Lemon;-5;122;Colorado;30;60;30;90;76;Decaf;Loss;1;0;-35;Met;Missed;202895;64311
970;52;-24;10/1/2013;405;71;Major Market;Central;17;Leaves;Herbal Tea;Mint;26;123;Colorado;30;60;50;90;45;Decaf;Profit;;0;-24;Met;Missed;202895;64311
409;43;-22;10/1/2014;419;64;Major Market;South;13;Leaves;Herbal Tea;Lemon;28;107;Texas;30;60;50;90;36;Decaf;Profit;;0;-22;Met;Missed;202895;64311
850;38;-15;10/1/2015;871;56;Major Market;East;10;Leaves;Tea;Darjeeling;35;94;Florida;40;60;50;100;21;Regular;Profit;;0;-15;Met;Missed;202895;64311
562;72;6;10/1/2016;650;110;Major Market;West;23;Leaves;Tea;Green Tea;56;182;California;20;60;50;80;54;Regular;Profit;;;6;Met;Met;202895;64311
712;0;-29;10/1/2017;430;43;Small Market;Central;0;Beans;Espresso;Decaf Espresso;31;43;Iowa;0;60;60;60;12;Decaf;Profit;;;-29;Missed;Missed;202895;64311
860;47;-29;10/1/2018;375;64;Small Market;East;15;Beans;Espresso;Decaf Espresso;21;111;Connecticut;30;60;50;90;43;Decaf;Profit;;;-29;Met;Missed;202895;64311
918;27;-39;10/1/2019;859;39;Small Market;South;7;Beans;Coffee;Decaf Irish Cream;21;66;Oklahoma;30;60;60;90;18;Decaf;Profit;;;-39;Met;Missed;202895;64311
775;31;-43;10/1/2020;1000;37;Small Market;West;9;Beans;Coffee;Decaf Irish Cream;7;68;Nevada;30;60;50;90;30;Decaf;Profit;;;-43;Met;Missed;202895;64311
435;40;-23;10/1/2021;881;59;Small Market;West;11;Beans;Espresso;Decaf Espresso;37;99;Utah;20;60;60;80;22;Decaf;Profit;;;-23;Met;Missed;202895;64311
603;49;-27;10/1/2022;310;71;Small Market;East;15;Beans;Coffee;Amaretto;33;120;New Hampshire;30;60;60;90;38;Regular;Profit;;;-27;Met;Missed;202895;64311
603;45;-26;10/1/2023;447;69;Small Market;East;14;Beans;Coffee;Colombian;24;114;New Hampshire;30;60;50;90;45;Regular;Profit;;;-26;Met;Missed;202895;64311
603;45;-37;10/1/2024;320;64;Small Market;East;41;Beans;Espresso;Caffe Mocha;-7;109;New Hampshire;30;60;30;90;71;Regular;Loss;;;-37;Met;Missed;202895;64311
318;60;-9;10/1/2025;-762;84;Small Market;South;54;Beans;Espresso;Caffe Latte;1;144;Louisiana;30;60;10;90;83;Regular;Profit;;;-9;Met;Missed;202895;64311
775;34;-32;10/1/2026;240;43;Small Market;West;12;Beans;Coffee;Colombian;-2;77;Nevada;40;60;30;100;45;Regular;Loss;;;-32;Met;Missed;202895;64311
503;54;-28;10/1/2027;404;66;Small Market;West;20;Beans;Espresso;Caffe Latte;12;120;Oregon;40;60;40;100;54;Regular;Profit;;;-28;Met;Missed;202895;64311
573;45;-36;10/1/2028;320;64;Small Market;Central;41;Leaves;Herbal Tea;Chamomile;-6;109;Missouri;20;60;30;80;70;Decaf;Loss;;;-36;Met;Missed;202895;64311
262;48;-15;10/1/2029;851;70;Small Market;Central;13;Leaves;Herbal Tea;Lemon;45;118;Wisconsin;30;60;60;90;25;Decaf;Profit;;;-15;Met;Missed;202895;64311
801;49;-27;10/1/2030;310;71;Small Market;West;15;Leaves;Herbal Tea;Chamomile;33;120;Utah;30;60;60;90;38;Decaf;Profit;;;-27;Met;Missed;202895;64311
425;48;-13;10/1/2031;829;71;Small Market;West;13;Leaves;Herbal Tea;Lemon;47;119;Washington;30;60;60;90;24;Decaf;Profit;;;-13;Met;Missed;202895;64311
860;40;-14;10/1/2032;881;59;Small Market;East;11;Leaves;Tea;Darjeeling;36;99;Connecticut;40;60;50;100;23;Regular;Profit;;;-14;Met;Missed;202895;64311
971;82;14;10/1/2033;788;123;Small Market;West;27;Leaves;Tea;Earl Grey;64;205;Oregon;30;60;50;90;59;Regular;Profit;;;14;Met;Met;202895;64311
971;91;26;10/1/2034;656;127;Small Market;West;28;Leaves;Tea;Green Tea;76;218;Oregon;40;60;50;100;51;Regular;Profit;;;26;Met;Met;202895;64311
915;40;-14;10/1/2035;536;52;Major Market;South;13;Beans;Coffee;Decaf Irish Cream;26;92;Texas;40;60;40;100;26;Decaf;Profit;;;-14;Met;Missed;202895;64311
210;50;8;10/1/2036;589;73;Major Market;South;14;Beans;Espresso;Decaf Espresso;48;123;Texas;30;60;40;90;25;Decaf;Profit;;;8;Met;Met;202895;64311
970;40;-13;10/1/2037;536;52;Major Market;Central;13;Beans;Coffee;Colombian;27;92;Colorado;30;60;40;90;25;Regular;Profit;;;-13;Met;Missed;202895;64311
774;52;-8;10/1/2038;554;68;Major Market;East;47;Beans;Espresso;Caffe Mocha;-8;120;Massachusetts;50;60;0;110;76;Regular;Loss;;;-8;Met;Missed;202895;64311
954;75;14;10/1/2039;1063;89;Major Market;East;23;Leaves;Herbal Tea;Mint;44;164;Florida;50;60;30;110;45;Decaf;Profit;;;14;Met;Met;202895;64311
936;46;1;10/1/2040;424;68;Major Market;South;14;Leaves;Herbal Tea;Lemon;31;114;Texas;40;60;30;100;37;Decaf;Profit;;;1;Met;Met;202895;64311
719;55;-5;10/1/2041;410;69;Major Market;Central;20;Leaves;Tea;Darjeeling;15;124;Colorado;40;60;20;100;54;Regular;Profit;;;-5;Met;Missed;202895;64311
847;50;8;10/1/2042;589;73;Major Market;Central;14;Leaves;Tea;Darjeeling;48;123;Illinois;40;60;40;100;25;Regular;Profit;;;8;Met;Met;202895;64311
719;57;-1;10/1/2043;1042;68;Major Market;Central;17;Leaves;Tea;Earl Grey;29;125;Colorado;40;60;30;100;39;Regular;Profit;;;-1;Met;Missed;202895;64311
339;36;-9;10/1/2044;862;52;Major Market;East;10;Leaves;Tea;Darjeeling;31;88;Massachusetts;30;60;40;90;21;Regular;Profit;;;-9;Met;Missed;202895;64311
314;33;-23;10/1/2045;836;48;Small Market;Central;9;Beans;Espresso;Decaf Espresso;27;81;Missouri;40;60;50;100;21;Decaf;Profit;;;-23;Met;Missed;202895;64311
504;31;-22;10/1/2046;856;47;Small Market;South;8;Beans;Coffee;Decaf Irish Cream;28;78;Louisiana;30;60;50;90;19;Decaf;Profit;;;-22;Met;Missed;202895;64311
580;36;-10;10/1/2047;862;52;Small Market;South;10;Beans;Coffee;Decaf Irish Cream;30;88;Oklahoma;40;60;40;100;22;Decaf;Profit;;;-10;Met;Missed;202895;64311
225;49;4;10/1/2048;454;71;Small Market;South;15;Beans;Espresso;Decaf Espresso;34;120;Louisiana;30;60;30;90;37;Decaf;Profit;;;4;Met;Met;202895;64311
262;54;-6;10/1/2049;391;67;Small Market;Central;20;Beans;Coffee;Amaretto;14;121;Wisconsin;50;60;20;110;53;Regular;Profit;;;-6;Met;Missed;202895;64311
603;46;-10;10/1/2050;316;67;Small Market;East;14;Beans;Coffee;Amaretto;30;113;New Hampshire;40;60;40;100;37;Regular;Profit;;;-10;Met;Missed;202895;64311
603;43;-10;10/1/2051;452;66;Small Market;East;14;Beans;Coffee;Colombian;20;109;New Hampshire;30;60;30;90;46;Regular;Profit;;;-10;Met;Missed;202895;64311
603;44;-18;10/1/2052;325;62;Small Market;East;40;Beans;Espresso;Caffe Mocha;-8;106;New Hampshire;40;60;10;100;70;Regular;Loss;;;-18;Met;Missed;202895;64311
225;53;19;10/1/2053;321;88;Small Market;South;16;Beans;Espresso;Caffe Mocha;49;141;Louisiana;40;60;30;100;39;Regular;Profit;;;19;Met;Met;202895;64311
425;54;-7;10/1/2054;391;67;Small Market;West;20;Beans;Espresso;Caffe Mocha;13;121;Washington;50;60;20;110;54;Regular;Profit;;;-7;Met;Missed;202895;64311
918;54;-7;10/1/2055;391;67;Small Market;South;20;Leaves;Herbal Tea;Chamomile;13;121;Oklahoma;50;60;20;110;54;Decaf;Profit;;;-7;Met;Missed;202895;64311
801;46;0;10/1/2056;316;67;Small Market;West;14;Leaves;Herbal Tea;Chamomile;30;113;Utah;40;60;30;100;37;Decaf;Profit;;;0;Met;Met;202895;64311
435;43;-10;10/1/2057;452;66;Small Market;West;14;Leaves;Herbal Tea;Lemon;20;109;Utah;40;60;30;100;46;Decaf;Profit;;;-10;Met;Missed;202895;64311
509;47;4;10/1/2058;834;68;Small Market;West;13;Leaves;Herbal Tea;Lemon;44;115;Washington;40;60;40;100;24;Decaf;Profit;;;4;Met;Met;202895;64311
203;36;-7;10/1/2059;809;54;Small Market;East;10;Leaves;Tea;Green Tea;33;90;Connecticut;30;60;40;90;21;Regular;Profit;;;-7;Met;Missed;202895;64311
206;61;1;10/1/2060;613;86;Small Market;West;55;Leaves;Tea;Green Tea;1;147;Washington;40;60;0;100;85;Regular;Profit;;;1;Met;Met;202895;64311
682;43;-10;10/1/2061;531;56;Major Market;South;14;Beans;Coffee;Decaf Irish Cream;30;99;Texas;50;60;40;110;26;Decaf;Profit;;;-10;Met;Missed;202895;64311
214;54;12;10/1/2062;601;79;Major Market;South;15;Beans;Espresso;Decaf Espresso;52;133;Texas;40;60;40;100;27;Decaf;Profit;;;12;Met;Met;202895;64311
970;47;-6;10/1/2063;521;65;Major Market;Central;42;Leaves;Herbal Tea;Lemon;-6;112;Colorado;40;60;0;100;71;Decaf;Loss;;;-6;Met;Missed;202895;64311
303;54;-1;10/1/2064;424;73;Major Market;Central;17;Leaves;Herbal Tea;Mint;29;127;Colorado;50;60;30;110;44;Decaf;Profit;;;-1;Met;Missed;202895;64311
954;65;3;10/1/2065;403;80;Major Market;East;24;Leaves;Herbal Tea;Lemon;23;145;Florida;40;60;20;100;57;Decaf;Profit;;;3;Met;Met;202895;64311
561;80;20;10/1/2066;1079;96;Major Market;East;24;Leaves;Herbal Tea;Mint;50;176;Florida;60;60;30;120;46;Decaf;Profit;;;20;Met;Met;202895;64311
469;54;-2;10/1/2067;424;73;Major Market;South;17;Leaves;Herbal Tea;Chamomile;28;127;Texas;50;60;30;110;45;Decaf;Profit;;;-2;Met;Missed;202895;64311
214;41;-6;10/1/2068;435;60;Major Market;South;13;Leaves;Herbal Tea;Lemon;24;101;Texas;30;60;30;90;36;Decaf;Profit;;;-6;Met;Missed;202895;64311
619;54;3;10/1/2069;601;79;Major Market;West;15;Leaves;Tea;Earl Grey;53;133;California;30;60;50;90;26;Regular;Profit;;;3;Met;Met;202895;64311
314;31;-23;10/1/2070;844;46;Small Market;Central;8;Beans;Espresso;Decaf Espresso;27;77;Missouri;30;60;50;90;19;Decaf;Profit;;;-23;Met;Missed;202895;64311
225;34;-19;10/1/2071;863;51;Small Market;South;9;Beans;Coffee;Decaf Irish Cream;31;85;Louisiana;40;60;50;100;20;Decaf;Profit;;;-19;Met;Missed;202895;64311
580;33;-22;10/1/2072;870;49;Small Market;South;9;Beans;Coffee;Decaf Irish Cream;28;82;Oklahoma;30;60;50;90;21;Decaf;Profit;;;-22;Met;Missed;202895;64311
603;48;-2;10/1/2073;462;74;Small Market;East;15;Beans;Coffee;Colombian;28;122;New Hampshire;40;60;30;100;46;Regular;Profit;;;-2;Met;Missed;202895;64311
985;55;-3;10/1/2074;-1053;76;Small Market;South;49;Beans;Espresso;Caffe Latte;-3;131;Louisiana;40;60;0;100;79;Regular;Loss;;;-3;Met;Missed;202895;64311
505;49;-15;10/1/2075;335;69;Small Market;South;44;Beans;Espresso;Caffe Mocha;-5;118;New Mexico;30;60;10;90;74;Regular;Loss;;;-15;Met;Missed;202895;64311
775;39;-19;10/1/2076;250;49;Small Market;West;14;Beans;Coffee;Colombian;1;88;Nevada;40;60;20;100;48;Regular;Profit;;;-19;Met;Missed;202895;64311
417;49;-5;10/1/2077;335;69;Small Market;Central;44;Leaves;Herbal Tea;Chamomile;-5;118;Missouri;40;60;0;100;74;Decaf;Loss;;;-5;Met;Missed;202895;64311
920;41;0;10/1/2078;320;66;Small Market;Central;12;Leaves;Herbal Tea;Chamomile;30;107;Wisconsin;30;60;30;90;36;Decaf;Profit;;;0;Met;Met;202895;64311
573;92;-4;10/1/2079;1898;68;Small Market;Central;28;Leaves;Herbal Tea;Lemon;16;160;Missouri;80;60;20;140;52;Decaf;Profit;;;-4;Met;Missed;202895;64311
475;68;7;10/1/2080;619;85;Small Market;East;25;Leaves;Herbal Tea;Lemon;27;153;Connecticut;50;60;20;110;58;Decaf;Profit;;;7;Met;Met;202895;64311
475;63;-4;10/1/2081;1075;76;Small Market;East;19;Leaves;Herbal Tea;Mint;36;139;Connecticut;40;60;40;100;40;Decaf;Profit;;;-4;Met;Missed;202895;64311
435;92;-3;10/1/2082;1898;68;Small Market;West;28;Leaves;Herbal Tea;Mint;17;160;Utah;80;60;20;140;51;Decaf;Profit;;;-3;Met;Missed;202895;64311
920;55;-3;10/1/2083;627;76;Small Market;Central;49;Leaves;Tea;Earl Grey;-3;131;Wisconsin;40;60;0;100;79;Regular;Loss;;;-3;Met;Missed;202895;64311
720;51;-37;10/1/2084;503;71;Major Market;Central;46;Leaves;Herbal Tea;Lemon;-7;130;Colorado;30;60;30;90;76;Decaf;Loss;;;-37;Met;Missed;202895;64311
970;52;-11;10/1/2085;405;71;Major Market;Central;17;Leaves;Herbal Tea;Mint;39;131;Colorado;30;60;50;90;45;Decaf;Profit;;;-11;Met;Missed;202895;64311
430;43;-8;10/1/2086;419;64;Major Market;South;13;Leaves;Herbal Tea;Lemon;42;114;Texas;30;60;50;90;36;Decaf;Profit;;;-8;Met;Missed;202895;64311
561;38;2;10/1/2087;871;56;Major Market;East;10;Leaves;Tea;Darjeeling;52;100;Florida;40;60;50;100;21;Regular;Profit;;;2;Met;Met;202895;64311
510;72;33;10/1/2088;650;110;Major Market;West;23;Leaves;Tea;Green Tea;83;194;California;20;60;50;80;54;Regular;Profit;;;33;Met;Met;202895;64311
563;0;-14;10/1/2089;430;43;Small Market;Central;0;Beans;Espresso;Decaf Espresso;46;46;Iowa;0;60;60;60;12;Decaf;Profit;;;-14;Missed;Missed;202895;64311
203;47;-19;10/1/2090;375;64;Small Market;East;15;Beans;Espresso;Decaf Espresso;31;118;Connecticut;30;60;50;90;43;Decaf;Profit;;;-19;Met;Missed;202895;64311
405;27;-29;10/1/2091;859;39;Small Market;South;7;Beans;Coffee;Decaf Irish Cream;31;70;Oklahoma;30;60;60;90;18;Decaf;Profit;;;-29;Met;Missed;202895;64311
775;31;-40;10/1/2092;1000;37;Small Market;West;9;Beans;Coffee;Decaf Irish Cream;10;72;Nevada;30;60;50;90;30;Decaf;Profit;;;-40;Met;Missed;202895;64311
435;40;-5;10/1/2093;881;59;Small Market;West;11;Beans;Espresso;Decaf Espresso;55;106;Utah;20;60;60;80;22;Decaf;Profit;;;-5;Met;Missed;202895;64311
603;49;-11;10/1/2094;310;71;Small Market;East;15;Beans;Coffee;Amaretto;49;128;New Hampshire;30;60;60;90;38;Regular;Profit;;;-11;Met;Missed;202895;64311
603;45;-14;10/1/2095;447;69;Small Market;East;14;Beans;Coffee;Colombian;36;121;New Hampshire;30;60;50;90;45;Regular;Profit;;;-14;Met;Missed;202895;64311
603;45;-40;10/1/2096;320;64;Small Market;East;41;Beans;Espresso;Caffe Mocha;-10;116;New Hampshire;30;60;30;90;71;Regular;Loss;;;-40;Met;Missed;202895;64311
504;60;-9;10/1/2097;-762;84;Small Market;South;54;Beans;Espresso;Caffe Latte;1;153;Louisiana;30;60;10;90;83;Regular;Profit;;;-9;Met;Missed;202895;64311
702;34;-33;10/1/2098;240;43;Small Market;West;12;Beans;Coffee;Colombian;-3;82;Nevada;40;60;30;100;45;Regular;Loss;;;-33;Met;Missed;202895;64311
971;54;-22;10/1/2099;404;66;Small Market;West;20;Beans;Espresso;Caffe Latte;18;128;Oregon;40;60;40;100;54;Regular;Profit;;;-22;Met;Missed;202895;64311
573;45;-39;10/1/2100;320;64;Small Market;Central;41;Leaves;Herbal Tea;Chamomile;-9;116;Missouri;20;60;30;80;70;Decaf;Loss;;;-39;Met;Missed;202895;64311
262;48;7;10/1/2101;851;70;Small Market;Central;13;Leaves;Herbal Tea;Lemon;67;126;Wisconsin;30;60;60;90;25;Decaf;Profit;;;7;Met;Met;202895;64311
801;49;-11;10/1/2102;310;71;Small Market;West;15;Leaves;Herbal Tea;Chamomile;49;128;Utah;30;60;60;90;38;Decaf;Profit;;;-11;Met;Missed;202895;64311
509;48;10;10/1/2103;829;71;Small Market;West;13;Leaves;Herbal Tea;Lemon;70;127;Washington;30;60;60;90;24;Decaf;Profit;;;10;Met;Met;202895;64311
475;40;3;10/1/2104;881;59;Small Market;East;11;Leaves;Tea;Darjeeling;53;106;Connecticut;40;60;50;100;23;Regular;Profit;;;3;Met;Met;202895;64311
503;82;45;10/1/2105;788;123;Small Market;West;27;Leaves;Tea;Earl Grey;95;218;Oregon;30;60;50;90;59;Regular;Profit;;;45;Met;Met;202895;64311
541;91;63;10/1/2106;656;127;Small Market;West;28;Leaves;Tea;Green Tea;113;232;Oregon;40;60;50;100;51;Regular;Profit;;;63;Met;Met;202895;64311
936;40;-1;10/1/2107;536;52;Major Market;South;13;Beans;Coffee;Decaf Irish Cream;39;98;Texas;40;60;40;100;26;Decaf;Profit;;;-1;Met;Missed;202895;64311
254;50;31;10/1/2108;589;73;Major Market;South;14;Beans;Espresso;Decaf Espresso;71;131;Texas;30;60;40;90;25;Decaf;Profit;;;31;Met;Met;202895;64311
719;40;0;10/1/2109;536;52;Major Market;Central;13;Beans;Coffee;Colombian;40;98;Colorado;30;60;40;90;25;Regular;Profit;;;0;Met;Met;202895;64311
339;52;-12;10/1/2110;554;68;Major Market;East;47;Beans;Espresso;Caffe Mocha;-12;128;Massachusetts;50;60;0;110;76;Regular;Loss;;;-12;Met;Missed;202895;64311
561;75;35;10/1/2111;1063;89;Major Market;East;23;Leaves;Herbal Tea;Mint;65;175;Florida;50;60;30;110;45;Decaf;Profit;;;35;Met;Met;202895;64311
806;46;16;10/1/2112;424;68;Major Market;South;14;Leaves;Herbal Tea;Lemon;46;121;Texas;40;60;30;100;37;Decaf;Profit;;;16;Met;Met;202895;64311
719;55;2;10/1/2113;410;69;Major Market;Central;20;Leaves;Tea;Darjeeling;22;132;Colorado;40;60;20;100;54;Regular;Profit;;;2;Met;Met;202895;64311
708;50;31;10/1/2114;589;73;Major Market;Central;14;Leaves;Tea;Darjeeling;71;131;Illinois;40;60;40;100;25;Regular;Profit;;;31;Met;Met;202895;64311
719;57;13;10/1/2115;1042;68;Major Market;Central;17;Leaves;Tea;Earl Grey;43;133;Colorado;40;60;30;100;39;Regular;Profit;;;13;Met;Met;202895;64311
351;36;6;10/1/2116;862;52;Major Market;East;10;Leaves;Tea;Darjeeling;46;94;Massachusetts;30;60;40;90;21;Regular;Profit;;;6;Met;Met;202895;64311
636;33;-10;10/1/2117;836;48;Small Market;Central;9;Beans;Espresso;Decaf Espresso;40;86;Missouri;40;60;50;100;21;Decaf;Profit;;;-10;Met;Missed;202895;64311
504;31;-8;10/1/2118;856;47;Small Market;South;8;Beans;Coffee;Decaf Irish Cream;42;83;Louisiana;30;60;50;90;19;Decaf;Profit;;;-8;Met;Missed;202895;64311
580;36;5;10/1/2119;862;52;Small Market;South;10;Beans;Coffee;Decaf Irish Cream;45;94;Oklahoma;40;60;40;100;22;Decaf;Profit;;;5;Met;Met;202895;64311
337;49;20;10/1/2120;454;71;Small Market;South;15;Beans;Espresso;Decaf Espresso;50;128;Louisiana;30;60;30;90;37;Decaf;Profit;;;20;Met;Met;202895;64311
262;54;1;10/1/2121;391;67;Small Market;Central;20;Beans;Coffee;Amaretto;21;129;Wisconsin;50;60;20;110;53;Regular;Profit;;;1;Met;Met;202895;64311
603;46;5;10/1/2122;316;67;Small Market;East;14;Beans;Coffee;Amaretto;45;120;New Hampshire;40;60;40;100;37;Regular;Profit;;;5;Met;Met;202895;64311
603;43;0;10/1/2123;452;66;Small Market;East;14;Beans;Coffee;Colombian;30;116;New Hampshire;30;60;30;90;46;Regular;Profit;;;0;Met;Met;202895;64311
603;44;-22;10/1/2124;325;62;Small Market;East;40;Beans;Espresso;Caffe Mocha;-12;113;New Hampshire;40;60;10;100;70;Regular;Loss;;;-22;Met;Missed;202895;64311
318;53;43;10/1/2125;321;88;Small Market;South;16;Beans;Espresso;Caffe Mocha;73;150;Louisiana;40;60;30;100;39;Regular;Profit;;;43;Met;Met;202895;64311
206;54;-1;10/1/2126;391;67;Small Market;West;20;Beans;Espresso;Caffe Mocha;19;129;Washington;50;60;20;110;54;Regular;Profit;;;-1;Met;Missed;202895;64311
580;54;-1;10/1/2127;391;67;Small Market;South;20;Leaves;Herbal Tea;Chamomile;19;129;Oklahoma;50;60;20;110;54;Decaf;Profit;;;-1;Met;Missed;202895;64311
435;46;15;10/1/2128;316;67;Small Market;West;14;Leaves;Herbal Tea;Chamomile;45;120;Utah;40;60;30;100;37;Decaf;Profit;;;15;Met;Met;202895;64311
435;43;0;10/1/2129;452;66;Small Market;West;14;Leaves;Herbal Tea;Lemon;30;116;Utah;40;60;30;100;46;Decaf;Profit;;;0;Met;Met;202895;64311
253;47;25;10/1/2130;834;68;Small Market;West;13;Leaves;Herbal Tea;Lemon;65;123;Washington;40;60;40;100;24;Decaf;Profit;;;25;Met;Met;202895;64311
203;36;9;10/1/2131;809;54;Small Market;East;10;Leaves;Tea;Green Tea;49;96;Connecticut;30;60;40;90;21;Regular;Profit;;;9;Met;Met;202895;64311
509;61;1;10/1/2132;613;86;Small Market;West;55;Leaves;Tea;Green Tea;1;157;Washington;40;60;0;100;85;Regular;Profit;;;1;Met;Met;202895;64311
956;43;5;10/1/2133;531;56;Major Market;South;14;Beans;Coffee;Decaf Irish Cream;45;106;Texas;50;60;40;110;26;Decaf;Profit;;;5;Met;Met;202895;64311
430;54;37;10/1/2134;601;79;Major Market;South;15;Beans;Espresso;Decaf Espresso;77;142;Texas;40;60;40;100;27;Decaf;Profit;;;37;Met;Met;202895;64311
719;47;-9;10/1/2135;521;65;Major Market;Central;42;Leaves;Herbal Tea;Lemon;-9;119;Colorado;40;60;0;100;71;Decaf;Loss;;;-9;Met;Missed;202895;64311
970;54;13;10/1/2136;424;73;Major Market;Central;17;Leaves;Herbal Tea;Mint;43;135;Colorado;50;60;30;110;44;Decaf;Profit;;;13;Met;Met;202895;64311
305;65;14;10/1/2137;403;80;Major Market;East;24;Leaves;Herbal Tea;Lemon;34;155;Florida;40;60;20;100;57;Decaf;Profit;;;14;Met;Met;202895;64311
407;80;44;10/1/2138;1079;96;Major Market;East;24;Leaves;Herbal Tea;Mint;74;188;Florida;60;60;30;120;46;Decaf;Profit;;;44;Met;Met;202895;64311
325;54;12;10/1/2139;424;73;Major Market;South;17;Leaves;Herbal Tea;Chamomile;42;135;Texas;50;60;30;110;45;Decaf;Profit;;;12;Met;Met;202895;64311
430;41;6;10/1/2140;435;60;Major Market;South;13;Leaves;Herbal Tea;Lemon;36;108;Texas;30;60;30;90;36;Decaf;Profit;;;6;Met;Met;202895;64311
408;54;29;10/1/2141;601;79;Major Market;West;15;Leaves;Tea;Earl Grey;79;142;California;30;60;50;90;26;Regular;Profit;;;29;Met;Met;202895;64311
816;31;-10;10/1/2142;844;46;Small Market;Central;8;Beans;Espresso;Decaf Espresso;40;82;Missouri;30;60;50;90;19;Decaf;Profit;;;-10;Met;Missed;202895;64311
337;34;-4;10/1/2143;863;51;Small Market;South;9;Beans;Coffee;Decaf Irish Cream;46;91;Louisiana;40;60;50;100;20;Decaf;Profit;;;-4;Met;Missed;202895;64311
918;33;-8;10/1/2144;870;49;Small Market;South;9;Beans;Coffee;Decaf Irish Cream;42;87;Oklahoma;30;60;50;90;21;Decaf;Profit;;;-8;Met;Missed;202895;64311
603;48;12;10/1/2145;462;74;Small Market;East;15;Beans;Coffee;Colombian;42;130;New Hampshire;40;60;30;100;46;Regular;Profit;;;12;Met;Met;202895;64311
225;55;-4;10/1/2146;-1053;76;Small Market;South;49;Beans;Espresso;Caffe Latte;-4;140;Louisiana;40;60;0;100;79;Regular;Loss;;;-4;Met;Missed;202895;64311
505;49;-17;10/1/2147;335;69;Small Market;South;44;Beans;Espresso;Caffe Mocha;-7;126;New Mexico;30;60;10;90;74;Regular;Loss;;;-17;Met;Missed;202895;64311
702;39;-19;10/1/2148;250;49;Small Market;West;14;Beans;Coffee;Colombian;1;94;Nevada;40;60;20;100;48;Regular;Profit;;;-19;Met;Missed;202895;64311
314;49;-7;10/1/2149;335;69;Small Market;Central;44;Leaves;Herbal Tea;Chamomile;-7;126;Missouri;40;60;0;100;74;Decaf;Loss;;;-7;Met;Missed;202895;64311
920;41;15;10/1/2150;320;66;Small Market;Central;12;Leaves;Herbal Tea;Chamomile;45;114;Wisconsin;30;60;30;90;36;Decaf;Profit;;;15;Met;Met;202895;64311
417;92;4;10/1/2151;1898;68;Small Market;Central;28;Leaves;Herbal Tea;Lemon;24;171;Missouri;80;60;20;140;52;Decaf;Profit;;;4;Met;Met;202895;64311
860;68;20;10/1/2152;619;85;Small Market;East;25;Leaves;Herbal Tea;Lemon;40;163;Connecticut;50;60;20;110;58;Decaf;Profit;;;20;Met;Met;202895;64311
203;63;13;10/1/2153;1075;76;Small Market;East;19;Leaves;Herbal Tea;Mint;53;148;Connecticut;40;60;40;100;40;Decaf;Profit;;;13;Met;Met;202895;64311
435;92;5;10/1/2154;1898;68;Small Market;West;28;Leaves;Herbal Tea;Mint;25;171;Utah;80;60;20;140;51;Decaf;Profit;;;5;Met;Met;202895;64311
262;55;-4;10/1/2155;627;76;Small Market;Central;49;Leaves;Tea;Earl Grey;-4;140;Wisconsin;40;60;0;100;79;Regular;Loss;;;-4;Met;Missed;202895;64311
719;39;-23;10/1/2156;541;51;Major Market;Central;12;Beans;Coffee;Colombian;27;90;Colorado;30;50;50;80;24;Regular;Profit;;;-23;Met;Missed;202895;64311
305;80;8;10/1/2157;1055;94;Major Market;East;24;Leaves;Herbal Tea;Mint;48;174;Florida;40;50;40;90;46;Decaf;Profit;;;8;Met;Met;202895;64311
303;54;-17;10/1/2158;404;66;Major Market;Central;20;Leaves;Tea;Darjeeling;13;120;Colorado;30;50;30;80;53;Regular;Profit;;;-17;Met;Missed;202895;64311
303;54;-13;10/1/2159;1037;64;Major Market;Central;16;Leaves;Tea;Earl Grey;27;118;Colorado;30;50;40;80;37;Regular;Profit;;;-13;Met;Missed;202895;64311
508;27;-30;10/1/2160;859;39;Major Market;East;7;Leaves;Tea;Darjeeling;20;66;Massachusetts;20;50;50;70;19;Regular;Profit;;;-30;Met;Missed;202895;64311
209;76;29;10/1/2161;580;111;Major Market;West;21;Leaves;Tea;Earl Grey;79;187;California;30;50;50;80;32;Regular;Profit;;;29;Met;Met;202895;64311
715;22;-40;10/1/2162;573;29;Small Market;Central;7;Beans;Espresso;Decaf Espresso;10;51;Wisconsin;20;50;50;70;19;Decaf;Profit;;;-40;Met;Missed;202895;64311
319;23;-32;10/1/2163;800;35;Small Market;Central;6;Beans;Espresso;Caffe Mocha;18;58;Iowa;20;50;50;70;17;Regular;Profit;;;-32;Met;Missed;202895;64311
959;79;4;10/1/2164;593;98;Small Market;East;30;Leaves;Herbal Tea;Lemon;34;177;Connecticut;40;50;30;90;64;Decaf;Profit;;;4;Met;Met;202895;64311
860;65;-15;10/1/2165;1053;77;Small Market;East;20;Leaves;Herbal Tea;Mint;35;142;Connecticut;30;50;50;80;42;Decaf;Profit;;;-15;Met;Missed;202895;64311
262;46;-10;10/1/2166;449;67;Small Market;Central;14;Leaves;Tea;Darjeeling;30;113;Wisconsin;20;50;40;70;37;Regular;Profit;;;-10;Met;Missed;202895;64311
715;60;0;10/1/2167;606;84;Small Market;Central;54;Leaves;Tea;Earl Grey;0;144;Wisconsin;40;50;0;90;84;Regular;Profit;;;0;Met;Met;202895;64311
206;60;17;10/1/2168;329;99;Small Market;West;18;Leaves;Tea;Darjeeling;57;159;Washington;20;50;40;70;42;Regular;Profit;;;17;Met;Met;202895;64311
773;40;-3;10/1/2169;536;52;Major Market;Central;13;Leaves;Herbal Tea;Lemon;27;92;Illinois;30;50;30;80;25;Decaf;Profit;;;-3;Met;Missed;202895;64311
614;36;-10;10/1/2170;862;52;Major Market;Central;10;Leaves;Herbal Tea;Lemon;30;88;Ohio;30;50;40;80;22;Decaf;Profit;;;-10;Met;Missed;202895;64311
617;55;-5;10/1/2171;410;69;Major Market;East;20;Leaves;Herbal Tea;Lemon;15;124;Massachusetts;40;50;20;90;54;Decaf;Profit;;;-5;Met;Missed;202895;64311
707;40;-3;10/1/2172;536;52;Major Market;West;13;Leaves;Herbal Tea;Mint;27;92;California;30;50;30;80;25;Decaf;Profit;;;-3;Met;Missed;202895;64311
352;28;-17;10/1/2173;875;42;Major Market;East;7;Leaves;Tea;Darjeeling;23;70;Florida;20;50;40;70;19;Regular;Profit;;;-17;Met;Missed;202895;64311
561;31;-12;10/1/2174;856;47;Major Market;East;8;Leaves;Tea;Green Tea;28;78;Florida;30;50;40;80;19;Regular;Profit;;;-12;Met;Missed;202895;64311
351;32;-11;10/1/2175;482;48;Major Market;East;8;Leaves;Tea;Green Tea;29;80;Massachusetts;30;50;40;80;19;Regular;Profit;;;-11;Met;Missed;202895;64311
650;50;7;10/1/2176;589;73;Major Market;West;14;Leaves;Tea;Earl Grey;47;123;California;30;50;40;80;26;Regular;Profit;;;7;Met;Met;202895;64311
712;0;-9;10/1/2177;387;43;Small Market;Central;0;Beans;Espresso;Decaf Espresso;31;43;Iowa;0;50;40;50;12;Decaf;Profit;;;-9;Met;Missed;202895;64311
505;82;-18;10/1/2178;1804;40;Small Market;South;25;Beans;Coffee;Decaf Irish Cream;-8;122;New Mexico;90;50;10;140;48;Decaf;Loss;;;-18;Met;Missed;202895;64311
515;22;-24;10/1/2179;802;34;Small Market;Central;6;Beans;Espresso;Caffe Mocha;16;56;Iowa;20;50;40;70;18;Regular;Profit;;;-24;Met;Missed;202895;64311
505;44;-7;10/1/2180;325;62;Small Market;South;40;Beans;Espresso;Caffe Mocha;-7;106;New Mexico;30;50;0;80;69;Regular;Loss;;;-7;Met;Missed;202895;64311
775;33;-14;10/1/2181;243;41;Small Market;West;12;Beans;Coffee;Colombian;-4;74;Nevada;30;50;10;80;45;Regular;Loss;;;-14;Met;Missed;202895;64311
573;44;-8;10/1/2182;325;62;Small Market;Central;40;Leaves;Herbal Tea;Chamomile;-8;106;Missouri;40;50;0;90;70;Decaf;Loss;;;-8;Met;Missed;202895;64311
262;31;-13;10/1/2183;856;47;Small Market;Central;8;Leaves;Herbal Tea;Lemon;27;78;Wisconsin;20;50;40;70;20;Decaf;Profit;;;-13;Met;Missed;202895;64311
475;69;8;10/1/2184;1060;81;Small Market;East;21;Leaves;Herbal Tea;Mint;38;150;Connecticut;50;50;30;100;43;Decaf;Profit;;;8;Met;Met;202895;64311
262;49;13;10/1/2185;454;71;Small Market;Central;15;Leaves;Tea;Darjeeling;33;120;Wisconsin;40;50;20;90;38;Regular;Profit;;;13;Met;Met;202895;64311
206;49;4;10/1/2186;454;71;Small Market;West;15;Leaves;Tea;Earl Grey;34;120;Washington;30;50;30;80;37;Regular;Profit;;;4;Met;Met;202895;64311
970;43;-1;10/1/2187;531;56;Major Market;Central;14;Beans;Coffee;Colombian;29;99;Colorado;40;50;30;90;27;Regular;Profit;;;-1;Met;Missed;202895;64311
614;41;4;10/1/2188;435;60;Major Market;Central;13;Beans;Coffee;Colombian;24;101;Ohio;40;50;20;90;36;Regular;Profit;;;4;Met;Met;202895;64311
339;47;-10;10/1/2189;571;52;Major Market;East;42;Beans;Espresso;Caffe Mocha;-20;99;Massachusetts;40;50;-10;90;72;Regular;Loss;;;-10;Met;Missed;202895;64311
773;43;-1;10/1/2190;531;56;Major Market;Central;14;Leaves;Herbal Tea;Lemon;29;99;Illinois;40;50;30;90;27;Decaf;Profit;;;-1;Met;Missed;202895;64311
805;43;-1;10/1/2191;531;56;Major Market;West;14;Leaves;Herbal Tea;Mint;29;99;California;40;50;30;90;27;Decaf;Profit;;;-1;Met;Missed;202895;64311
303;46;-4;10/1/2192;422;57;Major Market;Central;17;Leaves;Tea;Darjeeling;6;103;Colorado;30;50;10;80;51;Regular;Profit;;;-4;Met;Missed;202895;64311
303;53;6;10/1/2193;1054;63;Major Market;Central;16;Leaves;Tea;Earl Grey;26;116;Colorado;40;50;20;90;37;Regular;Profit;;;6;Met;Met;202895;64311
617;33;-11;10/1/2194;870;49;Major Market;East;9;Leaves;Tea;Darjeeling;29;82;Massachusetts;30;50;40;80;20;Regular;Profit;;;-11;Met;Missed;202895;64311
863;34;-10;10/1/2195;863;51;Major Market;East;9;Leaves;Tea;Green Tea;30;85;Florida;30;50;40;80;21;Regular;Profit;;;-10;Met;Missed;202895;64311
641;0;-8;10/1/2196;344;43;Small Market;Central;0;Beans;Espresso;Decaf Espresso;32;43;Iowa;0;50;40;50;11;Decaf;Profit;;;-8;Met;Missed;202895;64311
225;43;7;10/1/2197;466;63;Small Market;South;13;Beans;Espresso;Decaf Espresso;27;106;Louisiana;30;50;20;80;36;Decaf;Profit;;;7;Met;Met;202895;64311
702;31;-22;10/1/2198;1009;38;Small Market;West;9;Beans;Coffee;Decaf Irish Cream;8;69;Nevada;30;50;30;80;30;Decaf;Profit;;;-22;Met;Missed;202895;64311
515;23;-23;10/1/2199;807;35;Small Market;Central;6;Beans;Espresso;Caffe Mocha;17;58;Iowa;20;50;40;70;18;Regular;Profit;;;-23;Met;Missed;202895;64311
985;41;11;10/1/2200;320;66;Small Market;South;12;Beans;Espresso;Caffe Mocha;31;107;Louisiana;30;50;20;80;35;Regular;Profit;;;11;Met;Met;202895;64311
971;46;-4;10/1/2201;422;57;Small Market;West;17;Beans;Espresso;Caffe Latte;6;103;Oregon;40;50;10;90;51;Regular;Profit;;;-4;Met;Missed;202895;64311
262;43;8;10/1/2202;466;63;Small Market;Central;13;Leaves;Tea;Darjeeling;28;106;Wisconsin;30;50;20;80;35;Regular;Profit;;;8;Met;Met;202895;64311
959;33;-12;10/1/2203;818;49;Small Market;East;9;Leaves;Tea;Green Tea;28;82;Connecticut;30;50;40;80;21;Regular;Profit;;;-12;Met;Missed;202895;64311
435;49;-4;10/1/2204;335;69;Small Market;West;44;Leaves;Tea;Darjeeling;-4;118;Utah;30;50;0;80;73;Regular;Loss;;;-4;Met;Missed;202895;64311
360;55;7;10/1/2205;627;76;Small Market;West;49;Leaves;Tea;Green Tea;-3;131;Washington;40;50;-10;90;79;Regular;Loss;;;7;Met;Met;202895;64311
303;39;-10;10/1/2206;541;51;Major Market;Central;12;Beans;Coffee;Colombian;40;96;Colorado;30;50;50;80;24;Regular;Profit;;;-10;Met;Missed;202895;64311
904;80;31;10/1/2207;1055;94;Major Market;East;24;Leaves;Herbal Tea;Mint;71;185;Florida;40;50;40;90;46;Decaf;Profit;;;31;Met;Met;202895;64311
720;54;-11;10/1/2208;404;66;Major Market;Central;20;Leaves;Tea;Darjeeling;19;128;Colorado;30;50;30;80;53;Regular;Profit;;;-11;Met;Missed;202895;64311
970;54;0;10/1/2209;1037;64;Major Market;Central;16;Leaves;Tea;Earl Grey;40;126;Colorado;30;50;40;80;37;Regular;Profit;;;0;Met;Met;202895;64311
978;27;-20;10/1/2210;859;39;Major Market;East;7;Leaves;Tea;Darjeeling;30;70;Massachusetts;20;50;50;70;19;Regular;Profit;;;-20;Met;Missed;202895;64311
626;76;67;10/1/2211;580;111;Major Market;West;21;Leaves;Tea;Earl Grey;117;199;California;30;50;50;80;32;Regular;Profit;;;67;Met;Met;202895;64311
262;22;-35;10/1/2212;573;29;Small Market;Central;7;Beans;Espresso;Decaf Espresso;15;54;Wisconsin;20;50;50;70;19;Decaf;Profit;;;-35;Met;Missed;202895;64311
641;23;-23;10/1/2213;800;35;Small Market;Central;6;Beans;Espresso;Caffe Mocha;27;62;Iowa;20;50;50;70;17;Regular;Profit;;;-23;Met;Missed;202895;64311
203;79;20;10/1/2214;593;98;Small Market;East;30;Leaves;Herbal Tea;Lemon;50;189;Connecticut;40;50;30;90;64;Decaf;Profit;;;20;Met;Met;202895;64311
203;65;2;10/1/2215;1053;77;Small Market;East;20;Leaves;Herbal Tea;Mint;52;151;Connecticut;30;50;50;80;42;Decaf;Profit;;;2;Met;Met;202895;64311
262;46;5;10/1/2216;449;67;Small Market;Central;14;Leaves;Tea;Darjeeling;45;120;Wisconsin;20;50;40;70;37;Regular;Profit;;;5;Met;Met;202895;64311
262;60;0;10/1/2217;606;84;Small Market;Central;54;Leaves;Tea;Earl Grey;0;153;Wisconsin;40;50;0;90;84;Regular;Profit;;;0;Met;Met;202895;64311
425;60;45;10/1/2218;329;99;Small Market;West;18;Leaves;Tea;Darjeeling;85;169;Washington;20;50;40;70;42;Regular;Profit;;;45;Met;Met;202895;64311
312;40;10;10/1/2219;536;52;Major Market;Central;13;Leaves;Herbal Tea;Lemon;40;98;Illinois;30;50;30;80;25;Decaf;Profit;;;10;Met;Met;202895;64311
419;36;5;10/1/2220;862;52;Major Market;Central;10;Leaves;Herbal Tea;Lemon;45;94;Ohio;30;50;40;80;22;Decaf;Profit;;;5;Met;Met;202895;64311
857;55;2;10/1/2221;410;69;Major Market;East;20;Leaves;Herbal Tea;Lemon;22;132;Massachusetts;40;50;20;90;54;Decaf;Profit;;;2;Met;Met;202895;64311
323;40;10;10/1/2222;536;52;Major Market;West;13;Leaves;Herbal Tea;Mint;40;98;California;30;50;30;80;25;Decaf;Profit;;;10;Met;Met;202895;64311
352;28;-6;10/1/2223;875;42;Major Market;East;7;Leaves;Tea;Darjeeling;34;75;Florida;20;50;40;70;19;Regular;Profit;;;-6;Met;Missed;202895;64311
904;31;2;10/1/2224;856;47;Major Market;East;8;Leaves;Tea;Green Tea;42;83;Florida;30;50;40;80;19;Regular;Profit;;;2;Met;Met;202895;64311
978;32;3;10/1/2225;482;48;Major Market;East;8;Leaves;Tea;Green Tea;43;85;Massachusetts;30;50;40;80;19;Regular;Profit;;;3;Met;Met;202895;64311
760;50;30;10/1/2226;589;73;Major Market;West;14;Leaves;Tea;Earl Grey;70;131;California;30;50;40;80;26;Regular;Profit;;;30;Met;Met;202895;64311
515;0;6;10/1/2227;387;43;Small Market;Central;0;Beans;Espresso;Decaf Espresso;46;46;Iowa;0;50;40;50;12;Decaf;Profit;;;6;Met;Met;202895;64311
505;82;-22;10/1/2228;1804;40;Small Market;South;25;Beans;Coffee;Decaf Irish Cream;-12;130;New Mexico;90;50;10;140;48;Decaf;Loss;;;-22;Met;Missed;202895;64311
515;22;-16;10/1/2229;802;34;Small Market;Central;6;Beans;Espresso;Caffe Mocha;24;60;Iowa;20;50;40;70;18;Regular;Profit;;;-16;Met;Missed;202895;64311
505;44;-10;10/1/2230;325;62;Small Market;South;40;Beans;Espresso;Caffe Mocha;-10;113;New Mexico;30;50;0;80;69;Regular;Loss;;;-10;Met;Missed;202895;64311
775;33;-16;10/1/2231;243;41;Small Market;West;12;Beans;Coffee;Colombian;-6;79;Nevada;30;50;10;80;45;Regular;Loss;;;-16;Met;Missed;202895;64311
314;44;-12;10/1/2232;325;62;Small Market;Central;40;Leaves;Herbal Tea;Chamomile;-12;113;Missouri;40;50;0;90;70;Decaf;Loss;;;-12;Met;Missed;202895;64311
715;31;0;10/1/2233;856;47;Small Market;Central;8;Leaves;Herbal Tea;Lemon;40;83;Wisconsin;20;50;40;70;20;Decaf;Profit;;;0;Met;Met;202895;64311
959;69;26;10/1/2234;1060;81;Small Market;East;21;Leaves;Herbal Tea;Mint;56;160;Connecticut;50;50;30;100;43;Decaf;Profit;;;26;Met;Met;202895;64311
715;49;29;10/1/2235;454;71;Small Market;Central;15;Leaves;Tea;Darjeeling;49;128;Wisconsin;40;50;20;90;38;Regular;Profit;;;29;Met;Met;202895;64311
206;49;20;10/1/2236;454;71;Small Market;West;15;Leaves;Tea;Earl Grey;50;128;Washington;30;50;30;80;37;Regular;Profit;;;20;Met;Met;202895;64311
970;43;13;10/1/2237;531;56;Major Market;Central;14;Beans;Coffee;Colombian;43;106;Colorado;40;50;30;90;27;Regular;Profit;;;13;Met;Met;202895;64311
330;41;16;10/1/2238;435;60;Major Market;Central;13;Beans;Coffee;Colombian;36;108;Ohio;40;50;20;90;36;Regular;Profit;;;16;Met;Met;202895;64311
978;47;-20;10/1/2239;571;52;Major Market;East;42;Beans;Espresso;Caffe Mocha;-30;106;Massachusetts;40;50;-10;90;72;Regular;Loss;;;-20;Met;Missed;202895;64311
312;43;13;10/1/2240;531;56;Major Market;Central;14;Leaves;Herbal Tea;Lemon;43;106;Illinois;40;50;30;90;27;Decaf;Profit;;;13;Met;Met;202895;64311
323;43;13;10/1/2241;531;56;Major Market;West;14;Leaves;Herbal Tea;Mint;43;106;California;40;50;30;90;27;Decaf;Profit;;;13;Met;Met;202895;64311
303;46;-1;10/1/2242;422;57;Major Market;Central;17;Leaves;Tea;Darjeeling;9;110;Colorado;30;50;10;80;51;Regular;Profit;;;-1;Met;Missed;202895;64311
970;53;19;10/1/2243;1054;63;Major Market;Central;16;Leaves;Tea;Earl Grey;39;124;Colorado;40;50;20;90;37;Regular;Profit;;;19;Met;Met;202895;64311
978;33;3;10/1/2244;870;49;Major Market;East;9;Leaves;Tea;Darjeeling;43;87;Massachusetts;30;50;40;80;20;Regular;Profit;;;3;Met;Met;202895;64311
321;34;5;10/1/2245;863;51;Major Market;East;9;Leaves;Tea;Green Tea;45;91;Florida;30;50;40;80;21;Regular;Profit;;;5;Met;Met;202895;64311
563;0;7;10/1/2246;344;43;Small Market;Central;0;Beans;Espresso;Decaf Espresso;47;46;Iowa;0;50;40;50;11;Decaf;Profit;;;7;Met;Met;202895;64311
318;43;20;10/1/2247;466;63;Small Market;South;13;Beans;Espresso;Decaf Espresso;40;113;Louisiana;30;50;20;80;36;Decaf;Profit;;;20;Met;Met;202895;64311
775;31;-18;10/1/2248;1009;38;Small Market;West;9;Beans;Coffee;Decaf Irish Cream;12;74;Nevada;30;50;30;80;30;Decaf;Profit;;;-18;Met;Missed;202895;64311
515;23;-15;10/1/2249;807;35;Small Market;Central;6;Beans;Espresso;Caffe Mocha;25;62;Iowa;20;50;40;70;18;Regular;Profit;;;-15;Met;Missed;202895;64311
225;41;26;10/1/2250;320;66;Small Market;South;12;Beans;Espresso;Caffe Mocha;46;114;Louisiana;30;50;20;80;35;Regular;Profit;;;26;Met;Met;202895;64311
971;46;-1;10/1/2251;422;57;Small Market;West;17;Beans;Espresso;Caffe Latte;9;110;Oregon;40;50;10;90;51;Regular;Profit;;;-1;Met;Missed;202895;64311
262;43;22;10/1/2252;466;63;Small Market;Central;13;Leaves;Tea;Darjeeling;42;113;Wisconsin;30;50;20;80;35;Regular;Profit;;;22;Met;Met;202895;64311
959;33;2;10/1/2253;818;49;Small Market;East;9;Leaves;Tea;Green Tea;42;87;Connecticut;30;50;40;80;21;Regular;Profit;;;2;Met;Met;202895;64311
435;49;-6;10/1/2254;335;69;Small Market;West;44;Leaves;Tea;Darjeeling;-6;126;Utah;30;50;0;80;73;Regular;Loss;;;-6;Met;Missed;202895;64311
509;55;6;10/1/2255;627;76;Small Market;West;49;Leaves;Tea;Green Tea;-4;140;Washington;40;50;-10;90;79;Regular;Loss;;;6;Met;Met;202895;64311
630;39;-13;10/1/2256;541;51;Major Market;Central;12;Leaves;Herbal Tea;Lemon;27;90;Illinois;20;40;40;60;24;Decaf;Profit;;;-13;Met;Missed;202895;64311
209;39;-14;10/1/2257;541;51;Major Market;West;12;Leaves;Herbal Tea;Mint;26;90;California;20;40;40;60;25;Decaf;Profit;;;-14;Met;Missed;202895;64311
505;86;-36;10/1/2258;1698;23;Small Market;South;26;Beans;Coffee;Decaf Irish Cream;-26;109;New Mexico;110;40;10;150;49;Decaf;Loss;;;-36;Met;Missed;202895;64311
318;46;-10;10/1/2259;449;67;Small Market;South;14;Beans;Espresso;Decaf Espresso;30;113;Louisiana;20;40;40;60;37;Decaf;Profit;;;-10;Met;Missed;202895;64311
515;31;-23;10/1/2260;1000;37;Small Market;Central;9;Beans;Coffee;Colombian;7;68;Iowa;20;40;30;60;30;Regular;Profit;;;-23;Met;Missed;202895;64311
505;45;-16;10/1/2261;320;64;Small Market;South;41;Beans;Espresso;Caffe Mocha;-6;109;New Mexico;20;40;10;60;70;Regular;Loss;;;-16;Met;Missed;202895;64311
801;32;-12;10/1/2262;833;47;Small Market;West;8;Beans;Espresso;Caffe Latte;28;79;Utah;20;40;40;60;19;Regular;Profit;;;-12;Met;Missed;202895;64311
505;31;-24;10/1/2263;1000;37;Small Market;South;9;Leaves;Herbal Tea;Lemon;6;68;New Mexico;10;40;30;50;31;Decaf;Profit;;;-24;Met;Missed;202895;64311
636;39;-17;10/1/2264;244;53;Small Market;Central;12;Leaves;Tea;Darjeeling;13;92;Missouri;20;40;30;60;40;Regular;Profit;;;-17;Met;Missed;202895;64311
959;24;-22;10/1/2265;806;36;Small Market;East;6;Leaves;Tea;Green Tea;18;60;Connecticut;20;40;40;60;18;Regular;Profit;;;-22;Met;Missed;202895;64311
603;0;-8;10/1/2266;430;43;Small Market;East;0;Leaves;Tea;Green Tea;32;43;New Hampshire;0;40;40;40;11;Regular;Profit;;;-8;Met;Missed;202895;64311
801;45;-26;10/1/2267;320;64;Small Market;West;41;Leaves;Tea;Darjeeling;-6;109;Utah;10;40;20;50;70;Regular;Loss;;;-26;Met;Missed;202895;64311
206;60;-10;10/1/2268;606;84;Small Market;West;54;Leaves;Tea;Green Tea;0;144;Washington;20;40;10;60;84;Regular;Profit;;;-10;Met;Missed;202895;64311
937;32;-1;10/1/2269;482;48;Major Market;Central;8;Leaves;Herbal Tea;Chamomile;29;80;Ohio;30;40;30;70;19;Decaf;Profit;;;-1;Met;Missed;202895;64311
407;54;3;10/1/2270;391;67;Major Market;East;20;Leaves;Herbal Tea;Lemon;13;121;Florida;40;40;10;80;54;Decaf;Profit;;;3;Met;Met;202895;64311
715;22;-19;10/1/2271;570;30;Small Market;Central;7;Beans;Espresso;Decaf Espresso;11;52;Wisconsin;20;40;30;60;19;Decaf;Profit;;;-19;Met;Missed;202895;64311
505;35;-12;10/1/2272;248;47;Small Market;South;11;Beans;Espresso;Decaf Espresso;8;82;New Mexico;20;40;20;60;39;Decaf;Profit;;;-12;Met;Missed;202895;64311
775;29;-15;10/1/2273;1003;35;Small Market;West;8;Beans;Coffee;Decaf Irish Cream;5;64;Nevada;30;40;20;70;30;Decaf;Profit;;;-15;Met;Missed;202895;64311
563;29;-15;10/1/2274;1003;35;Small Market;Central;8;Beans;Coffee;Colombian;5;64;Iowa;20;40;20;60;30;Regular;Profit;;;-15;Met;Missed;202895;64311
603;34;-3;10/1/2275;211;42;Small Market;East;12;Beans;Espresso;Regular Espresso;-3;76;New Hampshire;30;40;0;70;45;Regular;Loss;;;-3;Met;Missed;202895;64311
918;32;-1;10/1/2276;482;48;Small Market;South;8;Beans;Espresso;Caffe Mocha;29;80;Oklahoma;20;40;30;60;19;Regular;Profit;;;-1;Met;Missed;202895;64311
775;0;1;10/1/2277;387;43;Small Market;West;0;Beans;Espresso;Caffe Latte;31;43;Nevada;0;40;30;40;12;Regular;Profit;;;1;Met;Met;202895;64311
435;33;-3;10/1/2278;836;48;Small Market;West;9;Beans;Espresso;Caffe Latte;27;81;Utah;30;40;30;70;21;Regular;Profit;;;-3;Met;Missed;202895;64311
573;82;-9;10/1/2279;1804;40;Small Market;Central;25;Leaves;Herbal Tea;Lemon;-9;122;Missouri;70;40;0;110;49;Decaf;Loss;;;-9;Met;Missed;202895;64311
801;82;-8;10/1/2280;1804;40;Small Market;West;25;Leaves;Herbal Tea;Mint;-8;122;Utah;70;40;0;110;48;Decaf;Loss;;;-8;Met;Missed;202895;64311
417;35;-1;10/1/2281;248;47;Small Market;Central;11;Leaves;Tea;Darjeeling;9;82;Missouri;20;40;10;60;38;Regular;Profit;;;-1;Met;Missed;202895;64311
636;34;-3;10/1/2282;211;42;Small Market;Central;12;Leaves;Tea;Earl Grey;-3;76;Missouri;20;40;0;60;45;Regular;Loss;;;-3;Met;Missed;202895;64311
314;33;-4;10/1/2283;243;41;Small Market;Central;12;Leaves;Tea;Green Tea;-4;74;Missouri;20;40;0;60;45;Regular;Loss;;;-4;Met;Missed;202895;64311
603;0;2;10/1/2284;387;43;Small Market;East;0;Leaves;Tea;Green Tea;32;43;New Hampshire;0;40;30;40;11;Regular;Profit;;;2;Met;Met;202895;64311
435;44;3;10/1/2285;325;62;Small Market;West;40;Leaves;Tea;Darjeeling;-7;106;Utah;30;40;-10;70;69;Regular;Loss;;;3;Met;Met;202895;64311
937;29;-5;10/1/2286;490;44;Major Market;Central;8;Leaves;Herbal Tea;Chamomile;25;73;Ohio;20;40;30;60;19;Decaf;Profit;;;-5;Met;Missed;202895;64311
330;33;-1;10/1/2287;870;49;Major Market;Central;9;Leaves;Herbal Tea;Lemon;29;82;Ohio;30;40;30;70;20;Decaf;Profit;;;-1;Met;Missed;202895;64311
508;46;-3;10/1/2288;422;57;Major Market;East;17;Leaves;Herbal Tea;Lemon;7;103;Massachusetts;30;40;10;70;50;Decaf;Profit;;;-3;Met;Missed;202895;64311
813;30;-4;10/1/2289;882;45;Major Market;East;8;Leaves;Tea;Darjeeling;26;75;Florida;30;40;30;70;19;Regular;Profit;;;-4;Met;Missed;202895;64311
857;29;-5;10/1/2290;490;44;Major Market;East;8;Leaves;Tea;Green Tea;25;73;Massachusetts;30;40;30;70;19;Regular;Profit;;;-5;Met;Missed;202895;64311
262;24;-17;10/1/2291;567;32;Small Market;Central;7;Beans;Espresso;Decaf Espresso;13;56;Wisconsin;30;40;30;70;19;Decaf;Profit;;;-17;Met;Missed;202895;64311
702;0;1;10/1/2292;344;43;Small Market;West;0;Beans;Espresso;Caffe Latte;31;43;Nevada;0;40;30;40;12;Regular;Profit;;;1;Met;Met;202895;64311
435;31;-4;10/1/2293;844;46;Small Market;West;8;Beans;Espresso;Caffe Latte;26;77;Utah;30;40;30;70;20;Regular;Profit;;;-4;Met;Missed;202895;64311
715;34;0;10/1/2294;863;51;Small Market;Central;9;Leaves;Herbal Tea;Lemon;30;85;Wisconsin;30;40;30;70;21;Decaf;Profit;;;0;Met;Met;202895;64311
603;39;-8;10/1/2295;250;49;Small Market;East;14;Leaves;Herbal Tea;Lemon;2;88;New Hampshire;20;40;10;60;47;Decaf;Profit;;;-8;Met;Missed;202895;64311
505;31;-13;10/1/2296;1009;38;Small Market;South;9;Leaves;Herbal Tea;Lemon;7;69;New Mexico;20;40;20;60;31;Decaf;Profit;;;-13;Met;Missed;202895;64311
573;38;1;10/1/2297;256;51;Small Market;Central;12;Leaves;Tea;Darjeeling;11;89;Missouri;30;40;10;70;40;Regular;Profit;;;1;Met;Met;202895;64311
636;39;2;10/1/2298;250;49;Small Market;Central;14;Leaves;Tea;Green Tea;2;88;Missouri;30;40;0;70;47;Regular;Profit;;;2;Met;Met;202895;64311
603;0;2;10/1/2299;344;43;Small Market;East;0;Leaves;Tea;Green Tea;32;43;New Hampshire;0;40;30;40;11;Regular;Profit;;;2;Met;Met;202895;64311
509;41;10;10/1/2300;320;66;Small Market;West;12;Leaves;Tea;Darjeeling;30;107;Washington;30;40;20;70;36;Regular;Profit;;;10;Met;Met;202895;64311
801;38;2;10/1/2301;256;51;Small Market;West;12;Leaves;Tea;Earl Grey;12;89;Utah;20;40;10;60;39;Regular;Profit;;;2;Met;Met;202895;64311
509;43;8;10/1/2302;466;63;Small Market;West;13;Leaves;Tea;Earl Grey;28;106;Washington;30;40;20;70;35;Regular;Profit;;;8;Met;Met;202895;64311
312;39;0;10/1/2303;541;51;Major Market;Central;12;Leaves;Herbal Tea;Lemon;40;96;Illinois;20;40;40;60;24;Decaf;Profit;;;0;Met;Met;202895;64311
530;39;-1;10/1/2304;541;51;Major Market;West;12;Leaves;Herbal Tea;Mint;39;96;California;20;40;40;60;25;Decaf;Profit;;;-1;Met;Missed;202895;64311
505;86;-49;10/1/2305;1698;23;Small Market;South;26;Beans;Coffee;Decaf Irish Cream;-39;116;New Mexico;110;40;10;150;49;Decaf;Loss;;;-49;Met;Missed;202895;64311
318;46;5;10/1/2306;449;67;Small Market;South;14;Beans;Espresso;Decaf Espresso;45;120;Louisiana;20;40;40;60;37;Decaf;Profit;;;5;Met;Met;202895;64311
515;31;-20;10/1/2307;1000;37;Small Market;Central;9;Beans;Coffee;Colombian;10;72;Iowa;20;40;30;60;30;Regular;Profit;;;-20;Met;Missed;202895;64311
505;45;-19;10/1/2308;320;64;Small Market;South;41;Beans;Espresso;Caffe Mocha;-9;116;New Mexico;20;40;10;60;70;Regular;Loss;;;-19;Met;Missed;202895;64311
435;32;2;10/1/2309;833;47;Small Market;West;8;Beans;Espresso;Caffe Latte;42;84;Utah;20;40;40;60;19;Regular;Profit;;;2;Met;Met;202895;64311
505;31;-21;10/1/2310;1000;37;Small Market;South;9;Leaves;Herbal Tea;Lemon;9;72;New Mexico;10;40;30;50;31;Decaf;Profit;;;-21;Met;Missed;202895;64311
314;39;-11;10/1/2311;244;53;Small Market;Central;12;Leaves;Tea;Darjeeling;19;98;Missouri;20;40;30;60;40;Regular;Profit;;;-11;Met;Missed;202895;64311
203;24;-13;10/1/2312;806;36;Small Market;East;6;Leaves;Tea;Green Tea;27;64;Connecticut;20;40;40;60;18;Regular;Profit;;;-13;Met;Missed;202895;64311
603;0;7;10/1/2313;430;43;Small Market;East;0;Leaves;Tea;Green Tea;47;46;New Hampshire;0;40;40;40;11;Regular;Profit;;;7;Met;Met;202895;64311
435;45;-29;10/1/2314;320;64;Small Market;West;41;Leaves;Tea;Darjeeling;-9;116;Utah;10;40;20;50;70;Regular;Loss;;;-29;Met;Missed;202895;64311
206;60;-10;10/1/2315;606;84;Small Market;West;54;Leaves;Tea;Green Tea;0;153;Washington;20;40;10;60;84;Regular;Profit;;;-10;Met;Missed;202895;64311
440;32;13;10/1/2316;482;48;Major Market;Central;8;Leaves;Herbal Tea;Chamomile;43;85;Ohio;30;40;30;70;19;Decaf;Profit;;;13;Met;Met;202895;64311
561;54;9;10/1/2317;391;67;Major Market;East;20;Leaves;Herbal Tea;Lemon;19;129;Florida;40;40;10;80;54;Decaf;Profit;;;9;Met;Met;202895;64311
920;22;-14;10/1/2318;570;30;Small Market;Central;7;Beans;Espresso;Decaf Espresso;16;55;Wisconsin;20;40;30;60;19;Decaf;Profit;;;-14;Met;Missed;202895;64311
505;35;-8;10/1/2319;248;47;Small Market;South;11;Beans;Espresso;Decaf Espresso;12;87;New Mexico;20;40;20;60;39;Decaf;Profit;;;-8;Met;Missed;202895;64311
702;29;-13;10/1/2320;1003;35;Small Market;West;8;Beans;Coffee;Decaf Irish Cream;7;68;Nevada;30;40;20;70;30;Decaf;Profit;;;-13;Met;Missed;202895;64311
515;29;-13;10/1/2321;1003;35;Small Market;Central;8;Beans;Coffee;Colombian;7;68;Iowa;20;40;20;60;30;Regular;Profit;;;-13;Met;Missed;202895;64311
603;34;-4;10/1/2322;211;42;Small Market;East;12;Beans;Espresso;Regular Espresso;-4;81;New Hampshire;30;40;0;70;45;Regular;Loss;;;-4;Met;Missed;202895;64311
580;32;13;10/1/2323;482;48;Small Market;South;8;Beans;Espresso;Caffe Mocha;43;85;Oklahoma;20;40;30;60;19;Regular;Profit;;;13;Met;Met;202895;64311
775;0;16;10/1/2324;387;43;Small Market;West;0;Beans;Espresso;Caffe Latte;46;46;Nevada;0;40;30;40;12;Regular;Profit;;;16;Met;Met;202895;64311
435;33;10;10/1/2325;836;48;Small Market;West;9;Beans;Espresso;Caffe Latte;40;86;Utah;30;40;30;70;21;Regular;Profit;;;10;Met;Met;202895;64311
314;82;-13;10/1/2326;1804;40;Small Market;Central;25;Leaves;Herbal Tea;Lemon;-13;130;Missouri;70;40;0;110;49;Decaf;Loss;;;-13;Met;Missed;202895;64311
435;82;-12;10/1/2327;1804;40;Small Market;West;25;Leaves;Herbal Tea;Mint;-12;130;Utah;70;40;0;110;48;Decaf;Loss;;;-12;Met;Missed;202895;64311
636;35;3;10/1/2328;248;47;Small Market;Central;11;Leaves;Tea;Darjeeling;13;87;Missouri;20;40;10;60;38;Regular;Profit;;;3;Met;Met;202895;64311
573;34;-4;10/1/2329;211;42;Small Market;Central;12;Leaves;Tea;Earl Grey;-4;81;Missouri;20;40;0;60;45;Regular;Loss;;;-4;Met;Missed;202895;64311
314;33;-6;10/1/2330;243;41;Small Market;Central;12;Leaves;Tea;Green Tea;-6;79;Missouri;20;40;0;60;45;Regular;Loss;;;-6;Met;Missed;202895;64311
603;0;17;10/1/2331;387;43;Small Market;East;0;Leaves;Tea;Green Tea;47;46;New Hampshire;0;40;30;40;11;Regular;Profit;;;17;Met;Met;202895;64311
435;44;0;10/1/2332;325;62;Small Market;West;40;Leaves;Tea;Darjeeling;-10;113;Utah;30;40;-10;70;69;Regular;Loss;;;0;Met;Met;202895;64311
614;29;7;10/1/2333;490;44;Major Market;Central;8;Leaves;Herbal Tea;Chamomile;37;78;Ohio;20;40;30;60;19;Decaf;Profit;;;7;Met;Met;202895;64311
440;33;13;10/1/2334;870;49;Major Market;Central;9;Leaves;Herbal Tea;Lemon;43;87;Ohio;30;40;30;70;20;Decaf;Profit;;;13;Met;Met;202895;64311
774;46;0;10/1/2335;422;57;Major Market;East;17;Leaves;Herbal Tea;Lemon;10;110;Massachusetts;30;40;10;70;50;Decaf;Profit;;;0;Met;Met;202895;64311
321;30;9;10/1/2336;882;45;Major Market;East;8;Leaves;Tea;Darjeeling;39;80;Florida;30;40;30;70;19;Regular;Profit;;;9;Met;Met;202895;64311
774;29;7;10/1/2337;490;44;Major Market;East;8;Leaves;Tea;Green Tea;37;78;Massachusetts;30;40;30;70;19;Regular;Profit;;;7;Met;Met;202895;64311
608;24;-11;10/1/2338;567;32;Small Market;Central;7;Beans;Espresso;Decaf Espresso;19;60;Wisconsin;30;40;30;70;19;Decaf;Profit;;;-11;Met;Missed;202895;64311
775;0;16;10/1/2339;344;43;Small Market;West;0;Beans;Espresso;Caffe Latte;46;46;Nevada;0;40;30;40;12;Regular;Profit;;;16;Met;Met;202895;64311
435;31;9;10/1/2340;844;46;Small Market;West;8;Beans;Espresso;Caffe Latte;39;82;Utah;30;40;30;70;20;Regular;Profit;;;9;Met;Met;202895;64311
715;34;15;10/1/2341;863;51;Small Market;Central;9;Leaves;Herbal Tea;Lemon;45;91;Wisconsin;30;40;30;70;21;Decaf;Profit;;;15;Met;Met;202895;64311
603;39;-7;10/1/2342;250;49;Small Market;East;14;Leaves;Herbal Tea;Lemon;3;94;New Hampshire;20;40;10;60;47;Decaf;Profit;;;-7;Met;Missed;202895;64311
505;31;-10;10/1/2343;1009;38;Small Market;South;9;Leaves;Herbal Tea;Lemon;10;74;New Mexico;20;40;20;60;31;Decaf;Profit;;;-10;Met;Missed;202895;64311
314;38;6;10/1/2344;256;51;Small Market;Central;12;Leaves;Tea;Darjeeling;16;95;Missouri;30;40;10;70;40;Regular;Profit;;;6;Met;Met;202895;64311
660;39;3;10/1/2345;250;49;Small Market;Central;14;Leaves;Tea;Green Tea;3;94;Missouri;30;40;0;70;47;Regular;Profit;;;3;Met;Met;202895;64311
603;0;17;10/1/2346;344;43;Small Market;East;0;Leaves;Tea;Green Tea;47;46;New Hampshire;0;40;30;40;11;Regular;Profit;;;17;Met;Met;202895;64311
253;41;25;10/1/2347;320;66;Small Market;West;12;Leaves;Tea;Darjeeling;45;114;Washington;30;40;20;70;36;Regular;Profit;;;25;Met;Met;202895;64311
435;38;8;10/1/2348;256;51;Small Market;West;12;Leaves;Tea;Earl Grey;18;95;Utah;20;40;10;60;39;Regular;Profit;;;8;Met;Met;202895;64311
253;43;22;10/1/2349;466;63;Small Market;West;13;Leaves;Tea;Earl Grey;42;113;Washington;30;40;20;70;35;Regular;Profit;;;22;Met;Met;202895;64311
216;51;-35;10/1/2350;503;71;Major Market;Central;46;Beans;Coffee;Decaf Irish Cream;-5;122;Ohio;40;70;30;110;76;Decaf;Loss;;;-35;Met;Missed;202895;64311
440;52;-34;10/1/2351;405;71;Major Market;Central;17;Beans;Coffee;Amaretto;26;123;Ohio;40;70;60;110;45;Regular;Profit;;;-34;Met;Missed;202895;64311
937;43;-32;10/1/2352;419;64;Major Market;Central;13;Beans;Coffee;Colombian;28;107;Ohio;30;70;60;100;36;Regular;Profit;;;-32;Met;Missed;202895;64311
774;51;-41;10/1/2353;542;65;Major Market;East;46;Beans;Espresso;Caffe Mocha;-11;116;Massachusetts;30;70;30;100;76;Regular;Loss;;;-41;Met;Missed;202895;64311
832;72;5;10/1/2354;-868;110;Major Market;South;23;Beans;Espresso;Caffe Latte;55;182;Texas;40;70;50;110;55;Regular;Profit;;;5;Met;Met;202895;64311
863;48;-14;10/1/2355;851;70;Major Market;East;13;Leaves;Tea;Green Tea;46;118;Florida;50;70;60;120;24;Regular;Profit;;;-14;Met;Missed;202895;64311
985;60;-12;10/1/2356;329;99;Small Market;South;18;Beans;Espresso;Caffe Mocha;58;159;Louisiana;30;70;70;100;41;Regular;Profit;;;-12;Met;Missed;202895;64311
971;52;-33;10/1/2357;405;71;Small Market;West;17;Beans;Espresso;Caffe Mocha;27;123;Oregon;30;70;60;100;44;Regular;Profit;;;-33;Met;Missed;202895;64311
253;56;-34;10/1/2358;385;70;Small Market;West;21;Beans;Espresso;Caffe Mocha;16;126;Washington;40;70;50;110;54;Regular;Profit;;;-34;Met;Missed;202895;64311
405;56;-34;10/1/2359;385;70;Small Market;South;21;Leaves;Herbal Tea;Chamomile;16;126;Oklahoma;40;70;50;110;54;Decaf;Profit;;;-34;Met;Missed;202895;64311
435;45;-37;10/1/2360;447;69;Small Market;West;14;Leaves;Herbal Tea;Lemon;23;114;Utah;20;70;60;90;46;Decaf;Profit;;;-37;Met;Missed;202895;64311
567;52;-13;10/1/2361;509;73;Major Market;Central;47;Beans;Coffee;Decaf Irish Cream;-3;125;Ohio;50;70;10;120;76;Decaf;Loss;;;-13;Met;Missed;202895;64311
614;46;-8;10/1/2362;424;68;Major Market;Central;14;Beans;Coffee;Colombian;32;114;Ohio;40;70;40;110;36;Regular;Profit;;;-8;Met;Missed;202895;64311
303;52;-14;10/1/2363;509;73;Major Market;Central;47;Leaves;Herbal Tea;Lemon;-4;125;Colorado;40;70;10;110;77;Decaf;Loss;;;-14;Met;Missed;202895;64311
720;59;-8;10/1/2364;411;79;Major Market;Central;19;Leaves;Herbal Tea;Mint;32;138;Colorado;50;70;40;120;47;Decaf;Profit;;;-8;Met;Missed;202895;64311
713;59;-8;10/1/2365;411;79;Major Market;South;19;Leaves;Herbal Tea;Chamomile;32;138;Texas;50;70;40;120;47;Decaf;Profit;;;-8;Met;Missed;202895;64311
718;50;-3;10/1/2366;589;73;Major Market;East;14;Leaves;Tea;Green Tea;47;123;New York;50;70;50;120;26;Regular;Profit;;;-3;Met;Missed;202895;64311
860;53;-14;10/1/2367;380;71;Small Market;East;17;Beans;Espresso;Decaf Espresso;26;124;Connecticut;50;70;40;120;45;Decaf;Profit;;;-14;Met;Missed;202895;64311
435;54;2;10/1/2368;885;78;Small Market;West;15;Beans;Espresso;Decaf Espresso;52;132;Utah;50;70;50;120;26;Decaf;Profit;;;2;Met;Met;202895;64311
505;43;-10;10/1/2369;452;66;Small Market;South;14;Beans;Coffee;Colombian;20;109;New Mexico;50;70;30;120;46;Regular;Profit;;;-10;Met;Missed;202895;64311
504;61;-9;10/1/2370;-906;86;Small Market;South;55;Beans;Espresso;Caffe Latte;1;147;Louisiana;40;70;10;110;85;Regular;Profit;;;-9;Met;Missed;202895;64311
541;55;-14;10/1/2371;410;69;Small Market;West;20;Beans;Espresso;Caffe Latte;16;124;Oregon;50;70;30;120;53;Regular;Profit;;;-14;Met;Missed;202895;64311
860;82;8;10/1/2372;601;102;Small Market;East;31;Leaves;Herbal Tea;Lemon;38;184;Connecticut;60;70;30;130;64;Decaf;Profit;;;8;Met;Met;202895;64311
715;61;2;10/1/2373;613;86;Small Market;Central;55;Leaves;Tea;Earl Grey;2;147;Wisconsin;50;70;0;120;84;Regular;Profit;;;2;Met;Met;202895;64311
425;53;-1;10/1/2374;321;88;Small Market;West;16;Leaves;Tea;Darjeeling;49;141;Washington;30;70;50;100;39;Regular;Profit;;;-1;Met;Missed;202895;64311
419;47;-16;10/1/2375;521;65;Major Market;Central;42;Beans;Coffee;Decaf Irish Cream;-6;112;Ohio;40;70;10;110;71;Decaf;Loss;;;-16;Met;Missed;202895;64311
513;54;-11;10/1/2376;424;73;Major Market;Central;17;Beans;Coffee;Amaretto;29;127;Ohio;50;70;40;120;44;Regular;Profit;;;-11;Met;Missed;202895;64311
512;67;17;10/1/2377;-1239;101;Major Market;South;22;Beans;Espresso;Caffe Latte;47;168;Texas;50;70;30;120;54;Regular;Profit;;;17;Met;Met;202895;64311
309;54;3;10/1/2378;601;79;Major Market;Central;15;Leaves;Tea;Darjeeling;53;133;Illinois;40;70;50;110;26;Regular;Profit;;;3;Met;Met;202895;64311
816;63;-4;10/1/2379;1075;76;Small Market;Central;19;Beans;Coffee;Decaf Irish Cream;36;139;Missouri;60;70;40;130;40;Decaf;Profit;;;-4;Met;Missed;202895;64311
959;49;-19;10/1/2380;392;65;Small Market;East;16;Beans;Espresso;Decaf Espresso;21;114;Connecticut;40;70;40;110;44;Decaf;Profit;;;-19;Met;Missed;202895;64311
435;50;-3;10/1/2381;898;73;Small Market;West;14;Beans;Espresso;Decaf Espresso;47;123;Utah;40;70;50;110;26;Decaf;Profit;;;-3;Met;Missed;202895;64311
603;52;-13;10/1/2382;327;75;Small Market;East;16;Beans;Coffee;Amaretto;37;127;New Hampshire;40;70;50;110;38;Regular;Profit;;;-13;Met;Missed;202895;64311
475;55;-12;10/1/2383;627;76;Small Market;East;49;Beans;Espresso;Caffe Mocha;-2;131;Connecticut;50;70;10;120;78;Regular;Loss;;;-12;Met;Missed;202895;64311
603;49;-14;10/1/2384;335;69;Small Market;East;44;Beans;Espresso;Caffe Mocha;-4;118;New Hampshire;40;70;10;110;73;Regular;Loss;;;-14;Met;Missed;202895;64311
503;41;-19;10/1/2385;482;57;Small Market;West;13;Beans;Coffee;Colombian;1;98;Oregon;40;70;20;110;56;Regular;Profit;;;-19;Met;Missed;202895;64311
503;54;-12;10/1/2386;424;73;Small Market;West;17;Beans;Espresso;Caffe Mocha;28;127;Oregon;50;70;40;120;45;Regular;Profit;;;-12;Met;Missed;202895;64311
405;65;2;10/1/2387;403;80;Small Market;South;24;Leaves;Herbal Tea;Chamomile;22;145;Oklahoma;60;70;20;130;58;Decaf;Profit;;;2;Met;Met;202895;64311
435;52;-4;10/1/2388;327;75;Small Market;West;16;Leaves;Herbal Tea;Chamomile;36;127;Utah;40;70;40;110;39;Decaf;Profit;;;-4;Met;Missed;202895;64311
801;48;-12;10/1/2389;462;74;Small Market;West;15;Leaves;Herbal Tea;Lemon;28;122;Utah;40;70;40;110;46;Decaf;Profit;;;-12;Met;Missed;202895;64311
425;49;-4;10/1/2390;845;71;Small Market;West;13;Leaves;Herbal Tea;Lemon;46;120;Washington;40;70;50;110;25;Decaf;Profit;;;-4;Met;Missed;202895;64311
860;50;-3;10/1/2391;898;73;Small Market;East;14;Leaves;Tea;Darjeeling;47;123;Connecticut;50;70;50;120;26;Regular;Profit;;;-3;Met;Missed;202895;64311
234;51;-37;10/1/2392;503;71;Major Market;Central;46;Beans;Coffee;Decaf Irish Cream;-7;130;Ohio;40;70;30;110;76;Decaf;Loss;;;-37;Met;Missed;202895;64311
614;52;-21;10/1/2393;405;71;Major Market;Central;17;Beans;Coffee;Amaretto;39;131;Ohio;40;70;60;110;45;Regular;Profit;;;-21;Met;Missed;202895;64311
937;43;-18;10/1/2394;419;64;Major Market;Central;13;Beans;Coffee;Colombian;42;114;Ohio;30;70;60;100;36;Regular;Profit;;;-18;Met;Missed;202895;64311
774;51;-46;10/1/2395;542;65;Major Market;East;46;Beans;Espresso;Caffe Mocha;-16;124;Massachusetts;30;70;30;100;76;Regular;Loss;;;-46;Met;Missed;202895;64311
682;72;32;10/1/2396;-868;110;Major Market;South;23;Beans;Espresso;Caffe Latte;82;194;Texas;40;70;50;110;55;Regular;Profit;;;32;Met;Met;202895;64311
772;48;8;10/1/2397;851;70;Major Market;East;13;Leaves;Tea;Green Tea;68;126;Florida;50;70;60;120;24;Regular;Profit;;;8;Met;Met;202895;64311
225;60;16;10/1/2398;329;99;Small Market;South;18;Beans;Espresso;Caffe Mocha;86;169;Louisiana;30;70;70;100;41;Regular;Profit;;;16;Met;Met;202895;64311
541;52;-20;10/1/2399;405;71;Small Market;West;17;Beans;Espresso;Caffe Mocha;40;131;Oregon;30;70;60;100;44;Regular;Profit;;;-20;Met;Missed;202895;64311
425;56;-26;10/1/2400;385;70;Small Market;West;21;Beans;Espresso;Caffe Mocha;24;134;Washington;40;70;50;110;54;Regular;Profit;;;-26;Met;Missed;202895;64311
580;56;-26;10/1/2401;385;70;Small Market;South;21;Leaves;Herbal Tea;Chamomile;24;134;Oklahoma;40;70;50;110;54;Decaf;Profit;;;-26;Met;Missed;202895;64311
435;45;-26;10/1/2402;447;69;Small Market;West;14;Leaves;Herbal Tea;Lemon;34;121;Utah;20;70;60;90;46;Decaf;Profit;;;-26;Met;Missed;202895;64311
614;52;-14;10/1/2403;509;73;Major Market;Central;47;Beans;Coffee;Decaf Irish Cream;-4;133;Ohio;50;70;10;120;76;Decaf;Loss;;;-14;Met;Missed;202895;64311
234;46;7;10/1/2404;424;68;Major Market;Central;14;Beans;Coffee;Colombian;47;121;Ohio;40;70;40;110;36;Regular;Profit;;;7;Met;Met;202895;64311
970;52;-16;10/1/2405;509;73;Major Market;Central;47;Leaves;Herbal Tea;Lemon;-6;133;Colorado;40;70;10;110;77;Decaf;Loss;;;-16;Met;Missed;202895;64311
970;59;7;10/1/2406;411;79;Major Market;Central;19;Leaves;Herbal Tea;Mint;47;147;Colorado;50;70;40;120;47;Decaf;Profit;;;7;Met;Met;202895;64311
936;59;7;10/1/2407;411;79;Major Market;South;19;Leaves;Herbal Tea;Chamomile;47;147;Texas;50;70;40;120;47;Decaf;Profit;;;7;Met;Met;202895;64311
914;50;20;10/1/2408;589;73;Major Market;East;14;Leaves;Tea;Green Tea;70;131;New York;50;70;50;120;26;Regular;Profit;;;20;Met;Met;202895;64311
203;53;-1;10/1/2409;380;71;Small Market;East;17;Beans;Espresso;Decaf Espresso;39;132;Connecticut;50;70;40;120;45;Decaf;Profit;;;-1;Met;Missed;202895;64311
435;54;27;10/1/2410;885;78;Small Market;West;15;Beans;Espresso;Decaf Espresso;77;141;Utah;50;70;50;120;26;Decaf;Profit;;;27;Met;Met;202895;64311
505;43;0;10/1/2411;452;66;Small Market;South;14;Beans;Coffee;Colombian;30;116;New Mexico;50;70;30;120;46;Regular;Profit;;;0;Met;Met;202895;64311
318;61;-9;10/1/2412;-906;86;Small Market;South;55;Beans;Espresso;Caffe Latte;1;157;Louisiana;40;70;10;110;85;Regular;Profit;;;-9;Met;Missed;202895;64311
503;55;-6;10/1/2413;410;69;Small Market;West;20;Beans;Espresso;Caffe Latte;24;132;Oregon;50;70;30;120;53;Regular;Profit;;;-6;Met;Missed;202895;64311
475;82;26;10/1/2414;601;102;Small Market;East;31;Leaves;Herbal Tea;Lemon;56;196;Connecticut;60;70;30;130;64;Decaf;Profit;;;26;Met;Met;202895;64311
715;61;3;10/1/2415;613;86;Small Market;Central;55;Leaves;Tea;Earl Grey;3;157;Wisconsin;50;70;0;120;84;Regular;Profit;;;3;Met;Met;202895;64311
509;53;23;10/1/2416;321;88;Small Market;West;16;Leaves;Tea;Darjeeling;73;150;Washington;30;70;50;100;39;Regular;Profit;;;23;Met;Met;202895;64311
513;47;-19;10/1/2417;521;65;Major Market;Central;42;Beans;Coffee;Decaf Irish Cream;-9;119;Ohio;40;70;10;110;71;Decaf;Loss;;;-19;Met;Missed;202895;64311
234;54;3;10/1/2418;424;73;Major Market;Central;17;Beans;Coffee;Amaretto;43;135;Ohio;50;70;40;120;44;Regular;Profit;;;3;Met;Met;202895;64311
361;67;40;10/1/2419;-1239;101;Major Market;South;22;Beans;Espresso;Caffe Latte;70;179;Texas;50;70;30;120;54;Regular;Profit;;;40;Met;Met;202895;64311
630;54;29;10/1/2420;601;79;Major Market;Central;15;Leaves;Tea;Darjeeling;79;142;Illinois;40;70;50;110;26;Regular;Profit;;;29;Met;Met;202895;64311
636;63;13;10/1/2421;1075;76;Small Market;Central;19;Beans;Coffee;Decaf Irish Cream;53;148;Missouri;60;70;40;130;40;Decaf;Profit;;;13;Met;Met;202895;64311
203;49;-9;10/1/2422;392;65;Small Market;East;16;Beans;Espresso;Decaf Espresso;31;121;Connecticut;40;70;40;110;44;Decaf;Profit;;;-9;Met;Missed;202895;64311
435;50;20;10/1/2423;898;73;Small Market;West;14;Beans;Espresso;Decaf Espresso;70;131;Utah;40;70;50;110;26;Decaf;Profit;;;20;Met;Met;202895;64311
603;52;5;10/1/2424;327;75;Small Market;East;16;Beans;Coffee;Amaretto;55;135;New Hampshire;40;70;50;110;38;Regular;Profit;;;5;Met;Met;202895;64311
203;55;-13;10/1/2425;627;76;Small Market;East;49;Beans;Espresso;Caffe Mocha;-3;140;Connecticut;50;70;10;120;78;Regular;Loss;;;-13;Met;Missed;202895;64311
603;49;-16;10/1/2426;335;69;Small Market;East;44;Beans;Espresso;Caffe Mocha;-6;126;New Hampshire;40;70;10;110;73;Regular;Loss;;;-16;Met;Missed;202895;64311
541;41;-19;10/1/2427;482;57;Small Market;West;13;Beans;Coffee;Colombian;1;104;Oregon;40;70;20;110;56;Regular;Profit;;;-19;Met;Missed;202895;64311
503;54;2;10/1/2428;424;73;Small Market;West;17;Beans;Espresso;Caffe Mocha;42;135;Oregon;50;70;40;120;45;Regular;Profit;;;2;Met;Met;202895;64311
405;65;13;10/1/2429;403;80;Small Market;South;24;Leaves;Herbal Tea;Chamomile;33;155;Oklahoma;60;70;20;130;58;Decaf;Profit;;;13;Met;Met;202895;64311
435;52;13;10/1/2430;327;75;Small Market;West;16;Leaves;Herbal Tea;Chamomile;53;135;Utah;40;70;40;110;39;Decaf;Profit;;;13;Met;Met;202895;64311
435;48;2;10/1/2431;462;74;Small Market;West;15;Leaves;Herbal Tea;Lemon;42;130;Utah;40;70;40;110;46;Decaf;Profit;;;2;Met;Met;202895;64311
425;49;18;10/1/2432;845;71;Small Market;West;13;Leaves;Herbal Tea;Lemon;68;128;Washington;40;70;50;110;25;Decaf;Profit;;;18;Met;Met;202895;64311
959;50;20;10/1/2433;898;73;Small Market;East;14;Leaves;Tea;Darjeeling;70;131;Connecticut;50;70;50;120;26;Regular;Profit;;;20;Met;Met;202895;64311
937;21;-14;10/1/2434;480;32;Major Market;Central;5;Leaves;Herbal Tea;Chamomile;16;53;Ohio;0;30;30;30;16;Decaf;Profit;;;-14;Met;Missed;202895;64311
513;27;-10;10/1/2435;859;39;Major Market;Central;7;Leaves;Herbal Tea;Lemon;20;66;Ohio;10;30;30;40;19;Decaf;Profit;;;-10;Met;Missed;202895;64311
850;56;-4;10/1/2436;385;70;Major Market;East;21;Leaves;Herbal Tea;Lemon;16;126;Florida;30;30;20;60;54;Decaf;Profit;;;-4;Met;Missed;202895;64311
781;54;-7;10/1/2437;404;66;Major Market;East;20;Leaves;Herbal Tea;Lemon;13;120;Massachusetts;30;30;20;60;53;Decaf;Profit;;;-7;Met;Missed;202895;64311
413;21;-15;10/1/2438;480;32;Major Market;East;5;Leaves;Tea;Green Tea;15;53;Massachusetts;20;30;30;50;17;Regular;Profit;;;-15;Met;Missed;202895;64311
505;39;-6;10/1/2439;244;53;Small Market;South;12;Beans;Espresso;Decaf Espresso;14;92;New Mexico;20;30;20;50;39;Decaf;Profit;;;-6;Met;Missed;202895;64311
702;23;-13;10/1/2440;800;35;Small Market;West;6;Beans;Espresso;Decaf Espresso;17;58;Nevada;10;30;30;40;18;Decaf;Profit;;;-13;Met;Missed;202895;64311
563;21;-15;10/1/2441;846;31;Small Market;Central;5;Beans;Coffee;Amaretto;15;52;Iowa;10;30;30;40;16;Regular;Profit;;;-15;Met;Missed;202895;64311
603;25;-22;10/1/2442;209;31;Small Market;East;9;Beans;Espresso;Regular Espresso;-12;56;New Hampshire;10;30;10;40;43;Regular;Loss;;;-22;Met;Missed;202895;64311
405;21;-15;10/1/2443;480;32;Small Market;South;5;Beans;Espresso;Caffe Mocha;15;53;Oklahoma;0;30;30;30;17;Regular;Profit;;;-15;Met;Missed;202895;64311
702;0;2;10/1/2444;430;43;Small Market;West;0;Beans;Espresso;Caffe Latte;32;43;Nevada;0;30;30;30;11;Regular;Profit;;;2;Met;Met;202895;64311
603;34;-23;10/1/2445;240;43;Small Market;East;12;Leaves;Herbal Tea;Lemon;-3;77;New Hampshire;10;30;20;40;46;Decaf;Loss;;;-23;Met;Missed;202895;64311
505;21;-16;10/1/2446;846;31;Small Market;South;5;Leaves;Herbal Tea;Chamomile;14;52;New Mexico;10;30;30;40;17;Decaf;Profit;;;-16;Met;Missed;202895;64311
971;25;-13;10/1/2447;820;36;Small Market;West;7;Leaves;Herbal Tea;Chamomile;17;61;Oregon;10;30;30;40;19;Decaf;Profit;;;-13;Met;Missed;202895;64311
314;34;-13;10/1/2448;240;43;Small Market;Central;12;Leaves;Tea;Green Tea;-3;77;Missouri;10;30;10;40;46;Regular;Loss;;;-13;Met;Missed;202895;64311
603;21;-16;10/1/2449;846;31;Small Market;East;5;Leaves;Tea;Darjeeling;14;52;New Hampshire;20;30;30;50;17;Regular;Profit;;;-16;Met;Missed;202895;64311
435;39;-6;10/1/2450;244;53;Small Market;West;12;Leaves;Tea;Earl Grey;14;92;Utah;10;30;20;40;39;Regular;Profit;;;-6;Met;Missed;202895;64311
360;46;1;10/1/2451;449;67;Small Market;West;14;Leaves;Tea;Earl Grey;31;113;Washington;20;30;30;50;36;Regular;Profit;;;1;Met;Met;202895;64311
775;22;-3;10/1/2452;802;34;Small Market;West;6;Beans;Espresso;Decaf Espresso;17;56;Nevada;20;30;20;50;17;Decaf;Profit;;;-3;Met;Missed;202895;64311
505;34;6;10/1/2453;-522;42;Small Market;South;12;Beans;Espresso;Caffe Latte;-4;76;New Mexico;20;30;-10;50;46;Regular;Loss;;;6;Met;Met;202895;64311
253;22;-9;10/1/2454;570;30;Small Market;West;7;Beans;Espresso;Caffe Latte;11;52;Washington;20;30;20;50;19;Regular;Profit;;;-9;Met;Missed;202895;64311
603;33;-4;10/1/2455;243;41;Small Market;East;12;Leaves;Herbal Tea;Lemon;-4;74;New Hampshire;20;30;0;50;45;Decaf;Loss;;;-4;Met;Missed;202895;64311
505;29;-5;10/1/2456;1003;35;Small Market;South;8;Leaves;Herbal Tea;Lemon;5;64;New Mexico;20;30;10;50;30;Decaf;Profit;;;-5;Met;Missed;202895;64311
503;25;-1;10/1/2457;823;38;Small Market;West;7;Leaves;Herbal Tea;Chamomile;19;63;Oregon;20;30;20;50;19;Decaf;Profit;;;-1;Met;Missed;202895;64311
603;15;-12;10/1/2458;848;24;Small Market;East;4;Leaves;Tea;Darjeeling;8;39;New Hampshire;10;30;20;40;16;Regular;Profit;;;-12;Met;Missed;202895;64311
541;32;-2;10/1/2459;482;48;Small Market;West;8;Leaves;Tea;Darjeeling;28;80;Oregon;20;30;30;50;20;Regular;Profit;;;-2;Met;Missed;202895;64311
435;35;-1;10/1/2460;248;47;Small Market;West;11;Leaves;Tea;Earl Grey;9;82;Utah;20;30;10;50;38;Regular;Profit;;;-1;Met;Missed;202895;64311
801;34;-3;10/1/2461;211;42;Small Market;West;12;Leaves;Tea;Green Tea;-3;76;Utah;20;30;0;50;45;Regular;Loss;;;-3;Met;Missed;202895;64311
772;24;-8;10/1/2462;567;32;Major Market;East;7;Leaves;Herbal Tea;Chamomile;12;56;Florida;10;30;20;40;20;Decaf;Profit;;;-8;Met;Missed;202895;64311
505;38;12;10/1/2463;256;51;Small Market;South;12;Beans;Espresso;Decaf Espresso;12;89;New Mexico;30;30;0;60;39;Decaf;Profit;;;12;Met;Met;202895;64311
702;23;-3;10/1/2464;807;35;Small Market;West;6;Beans;Espresso;Decaf Espresso;17;58;Nevada;20;30;20;50;18;Decaf;Profit;;;-3;Met;Missed;202895;64311
641;16;-10;10/1/2465;851;25;Small Market;Central;4;Beans;Coffee;Amaretto;10;41;Iowa;10;30;20;40;15;Regular;Profit;;;-10;Met;Missed;202895;64311
563;31;-2;10/1/2466;1009;38;Small Market;Central;9;Beans;Coffee;Colombian;8;69;Iowa;30;30;10;60;30;Regular;Profit;;;-2;Met;Missed;202895;64311
603;20;-16;10/1/2467;218;25;Small Market;East;7;Beans;Espresso;Regular Espresso;-16;45;New Hampshire;10;30;0;40;41;Regular;Loss;;;-16;Met;Missed;202895;64311
580;29;4;10/1/2468;490;44;Small Market;South;8;Beans;Espresso;Caffe Mocha;24;73;Oklahoma;20;30;20;50;20;Regular;Profit;;;4;Met;Met;202895;64311
253;24;-7;10/1/2469;567;32;Small Market;West;7;Beans;Espresso;Caffe Latte;13;56;Washington;20;30;20;50;19;Regular;Profit;;;-7;Met;Missed;202895;64311
541;24;-1;10/1/2470;829;36;Small Market;West;6;Leaves;Herbal Tea;Chamomile;19;60;Oregon;20;30;20;50;17;Decaf;Profit;;;-1;Met;Missed;202895;64311
603;16;-10;10/1/2471;851;25;Small Market;East;4;Leaves;Tea;Darjeeling;10;41;New Hampshire;10;30;20;40;15;Regular;Profit;;;-10;Met;Missed;202895;64311
971;29;-5;10/1/2472;490;44;Small Market;West;8;Leaves;Tea;Darjeeling;25;73;Oregon;20;30;30;50;19;Regular;Profit;;;-5;Met;Missed;202895;64311
937;21;-6;10/1/2473;480;32;Major Market;Central;5;Leaves;Herbal Tea;Chamomile;24;56;Ohio;0;30;30;30;16;Decaf;Profit;;;-6;Met;Missed;202895;64311
937;27;0;10/1/2474;859;39;Major Market;Central;7;Leaves;Herbal Tea;Lemon;30;70;Ohio;10;30;30;40;19;Decaf;Profit;;;0;Met;Met;202895;64311
786;56;4;10/1/2475;385;70;Major Market;East;21;Leaves;Herbal Tea;Lemon;24;134;Florida;30;30;20;60;54;Decaf;Profit;;;4;Met;Met;202895;64311
339;54;-1;10/1/2476;404;66;Major Market;East;20;Leaves;Herbal Tea;Lemon;19;128;Massachusetts;30;30;20;60;53;Decaf;Profit;;;-1;Met;Missed;202895;64311
781;21;-8;10/1/2477;480;32;Major Market;East;5;Leaves;Tea;Green Tea;22;56;Massachusetts;20;30;30;50;17;Regular;Profit;;;-8;Met;Missed;202895;64311
505;39;1;10/1/2478;244;53;Small Market;South;12;Beans;Espresso;Decaf Espresso;21;98;New Mexico;20;30;20;50;39;Decaf;Profit;;;1;Met;Met;202895;64311
775;23;-5;10/1/2479;800;35;Small Market;West;6;Beans;Espresso;Decaf Espresso;25;62;Nevada;10;30;30;40;18;Decaf;Profit;;;-5;Met;Missed;202895;64311
515;21;-8;10/1/2480;846;31;Small Market;Central;5;Beans;Coffee;Amaretto;22;55;Iowa;10;30;30;40;16;Regular;Profit;;;-8;Met;Missed;202895;64311
603;25;-28;10/1/2481;209;31;Small Market;East;9;Beans;Espresso;Regular Espresso;-18;60;New Hampshire;10;30;10;40;43;Regular;Loss;;;-28;Met;Missed;202895;64311
580;21;-8;10/1/2482;480;32;Small Market;South;5;Beans;Espresso;Caffe Mocha;22;56;Oklahoma;0;30;30;30;17;Regular;Profit;;;-8;Met;Missed;202895;64311
702;0;17;10/1/2483;430;43;Small Market;West;0;Beans;Espresso;Caffe Latte;47;46;Nevada;0;30;30;30;11;Regular;Profit;;;17;Met;Met;202895;64311
603;34;-24;10/1/2484;240;43;Small Market;East;12;Leaves;Herbal Tea;Lemon;-4;82;New Hampshire;10;30;20;40;46;Decaf;Loss;;;-24;Met;Missed;202895;64311
505;21;-9;10/1/2485;846;31;Small Market;South;5;Leaves;Herbal Tea;Chamomile;21;55;New Mexico;10;30;30;40;17;Decaf;Profit;;;-9;Met;Missed;202895;64311
971;25;-5;10/1/2486;820;36;Small Market;West;7;Leaves;Herbal Tea;Chamomile;25;65;Oregon;10;30;30;40;19;Decaf;Profit;;;-5;Met;Missed;202895;64311
314;34;-14;10/1/2487;240;43;Small Market;Central;12;Leaves;Tea;Green Tea;-4;82;Missouri;10;30;10;40;46;Regular;Loss;;;-14;Met;Missed;202895;64311
603;21;-9;10/1/2488;846;31;Small Market;East;5;Leaves;Tea;Darjeeling;21;55;New Hampshire;20;30;30;50;17;Regular;Profit;;;-9;Met;Missed;202895;64311
435;39;1;10/1/2489;244;53;Small Market;West;12;Leaves;Tea;Earl Grey;21;98;Utah;10;30;20;40;39;Regular;Profit;;;1;Met;Met;202895;64311
509;46;16;10/1/2490;449;67;Small Market;West;14;Leaves;Tea;Earl Grey;46;120;Washington;20;30;30;50;36;Regular;Profit;;;16;Met;Met;202895;64311
775;22;5;10/1/2491;802;34;Small Market;West;6;Beans;Espresso;Decaf Espresso;25;60;Nevada;20;30;20;50;17;Decaf;Profit;;;5;Met;Met;202895;64311
505;34;4;10/1/2492;-522;42;Small Market;South;12;Beans;Espresso;Caffe Latte;-6;81;New Mexico;20;30;-10;50;46;Regular;Loss;;;4;Met;Met;202895;64311
425;22;-4;10/1/2493;570;30;Small Market;West;7;Beans;Espresso;Caffe Latte;16;55;Washington;20;30;20;50;19;Regular;Profit;;;-4;Met;Missed;202895;64311
603;33;-6;10/1/2494;243;41;Small Market;East;12;Leaves;Herbal Tea;Lemon;-6;79;New Hampshire;20;30;0;50;45;Decaf;Loss;;;-6;Met;Missed;202895;64311
505;29;-3;10/1/2495;1003;35;Small Market;South;8;Leaves;Herbal Tea;Lemon;7;68;New Mexico;20;30;10;50;30;Decaf;Profit;;;-3;Met;Missed;202895;64311
541;25;8;10/1/2496;823;38;Small Market;West;7;Leaves;Herbal Tea;Chamomile;28;67;Oregon;20;30;20;50;19;Decaf;Profit;;;8;Met;Met;202895;64311
603;15;-8;10/1/2497;848;24;Small Market;East;4;Leaves;Tea;Darjeeling;12;42;New Hampshire;10;30;20;40;16;Regular;Profit;;;-8;Met;Missed;202895;64311
503;32;12;10/1/2498;482;48;Small Market;West;8;Leaves;Tea;Darjeeling;42;85;Oregon;20;30;30;50;20;Regular;Profit;;;12;Met;Met;202895;64311
435;35;3;10/1/2499;248;47;Small Market;West;11;Leaves;Tea;Earl Grey;13;87;Utah;20;30;10;50;38;Regular;Profit;;;3;Met;Met;202895;64311
435;34;-4;10/1/2500;211;42;Small Market;West;12;Leaves;Tea;Green Tea;-4;81;Utah;20;30;0;50;45;Regular;Loss;;;-4;Met;Missed;202895;64311
904;24;-2;10/1/2501;567;32;Major Market;East;7;Leaves;Herbal Tea;Chamomile;18;60;Florida;10;30;20;40;20;Decaf;Profit;;;-2;Met;Missed;202895;64311
505;38;18;10/1/2502;256;51;Small Market;South;12;Beans;Espresso;Decaf Espresso;18;95;New Mexico;30;30;0;60;39;Decaf;Profit;;;18;Met;Met;202895;64311
775;23;5;10/1/2503;807;35;Small Market;West;6;Beans;Espresso;Decaf Espresso;25;62;Nevada;20;30;20;50;18;Decaf;Profit;;;5;Met;Met;202895;64311
563;16;-5;10/1/2504;851;25;Small Market;Central;4;Beans;Coffee;Amaretto;15;44;Iowa;10;30;20;40;15;Regular;Profit;;;-5;Met;Missed;202895;64311
641;31;2;10/1/2505;1009;38;Small Market;Central;9;Beans;Coffee;Colombian;12;74;Iowa;30;30;10;60;30;Regular;Profit;;;2;Met;Met;202895;64311
603;20;-24;10/1/2506;218;25;Small Market;East;7;Beans;Espresso;Regular Espresso;-24;48;New Hampshire;10;30;0;40;41;Regular;Loss;;;-24;Met;Missed;202895;64311
580;29;16;10/1/2507;490;44;Small Market;South;8;Beans;Espresso;Caffe Mocha;36;78;Oklahoma;20;30;20;50;20;Regular;Profit;;;16;Met;Met;202895;64311
206;24;-1;10/1/2508;567;32;Small Market;West;7;Beans;Espresso;Caffe Latte;19;60;Washington;20;30;20;50;19;Regular;Profit;;;-1;Met;Missed;202895;64311
503;24;8;10/1/2509;829;36;Small Market;West;6;Leaves;Herbal Tea;Chamomile;28;64;Oregon;20;30;20;50;17;Decaf;Profit;;;8;Met;Met;202895;64311
603;16;-5;10/1/2510;851;25;Small Market;East;4;Leaves;Tea;Darjeeling;15;44;New Hampshire;10;30;20;40;15;Regular;Profit;;;-5;Met;Missed;202895;64311
541;29;7;10/1/2511;490;44;Small Market;West;8;Leaves;Tea;Darjeeling;37;78;Oregon;20;30;30;50;19;Regular;Profit;;;7;Met;Met;202895;64311
915;76;-2;10/1/2512;580;111;Major Market;South;21;Beans;Espresso;Decaf Espresso;78;187;Texas;40;80;80;120;33;Decaf;Profit;;;-2;Met;Missed;202895;64311
713;52;-44;10/1/2513;405;71;Major Market;South;17;Leaves;Herbal Tea;Chamomile;26;123;Texas;30;80;70;110;45;Decaf;Profit;;;-44;Met;Missed;202895;64311
217;76;-2;10/1/2514;580;111;Major Market;Central;21;Leaves;Tea;Darjeeling;78;187;Illinois;50;80;80;130;33;Regular;Profit;;;-2;Met;Missed;202895;64311
847;72;5;10/1/2515;650;110;Major Market;Central;23;Leaves;Tea;Earl Grey;55;182;Illinois;50;80;50;130;55;Regular;Profit;;;5;Met;Met;202895;64311
660;65;-35;10/1/2516;1053;77;Small Market;Central;20;Beans;Coffee;Decaf Irish Cream;35;142;Missouri;50;80;70;130;42;Decaf;Profit;;;-35;Met;Missed;202895;64311
660;32;-52;10/1/2517;833;47;Small Market;Central;8;Beans;Espresso;Decaf Espresso;28;79;Missouri;30;80;80;110;19;Decaf;Profit;;;-52;Missed;Missed;202895;64311
405;82;5;10/1/2518;788;123;Small Market;South;27;Beans;Espresso;Decaf Espresso;65;205;Oklahoma;50;80;60;130;58;Decaf;Profit;;;5;Met;Met;202895;64311
715;56;-35;10/1/2519;385;70;Small Market;Central;21;Beans;Coffee;Amaretto;15;126;Wisconsin;40;80;50;120;55;Regular;Profit;;;-35;Met;Missed;202895;64311
405;91;6;10/1/2520;-1785;127;Small Market;South;28;Beans;Espresso;Caffe Latte;76;218;Oklahoma;50;80;70;130;51;Regular;Profit;;;6;Met;Met;202895;64311
414;60;-23;10/1/2521;329;99;Small Market;Central;18;Leaves;Herbal Tea;Chamomile;57;159;Wisconsin;40;80;80;120;42;Decaf;Profit;;;-23;Met;Missed;202895;64311
419;55;-24;10/1/2522;410;69;Major Market;Central;20;Beans;Espresso;Decaf Espresso;16;124;Ohio;70;80;40;150;53;Decaf;Profit;;;-24;Met;Missed;202895;64311
330;59;-17;10/1/2523;411;79;Major Market;Central;19;Beans;Coffee;Amaretto;33;138;Ohio;50;80;50;130;46;Regular;Profit;;;-17;Met;Missed;202895;64311
650;75;19;10/1/2524;659;114;Major Market;West;24;Leaves;Tea;Green Tea;59;189;California;50;80;40;130;55;Regular;Profit;;;19;Met;Met;202895;64311
314;69;-2;10/1/2525;1060;81;Small Market;Central;21;Beans;Coffee;Decaf Irish Cream;38;150;Missouri;60;80;40;140;43;Decaf;Profit;;;-2;Met;Missed;202895;64311
503;46;-18;10/1/2526;424;68;Small Market;West;14;Beans;Coffee;Decaf Irish Cream;32;114;Oregon;50;80;50;130;36;Decaf;Profit;;;-18;Met;Missed;202895;64311
206;75;5;10/1/2527;1063;89;Small Market;West;23;Beans;Espresso;Decaf Espresso;45;164;Washington;70;80;40;150;44;Decaf;Profit;;;5;Met;Met;202895;64311
203;61;-8;10/1/2528;613;86;Small Market;East;55;Beans;Espresso;Caffe Mocha;2;147;Connecticut;60;80;10;140;84;Regular;Profit;;;-8;Met;Missed;202895;64311
225;47;-16;10/1/2529;834;68;Small Market;South;13;Beans;Coffee;Colombian;44;115;Louisiana;50;80;60;130;24;Regular;Profit;;;-16;Met;Missed;202895;64311
541;52;-14;10/1/2530;509;73;Small Market;West;47;Beans;Coffee;Amaretto;-4;125;Oregon;60;80;10;140;77;Regular;Loss;;;-14;Met;Missed;202895;64311
435;53;-23;10/1/2531;380;71;Small Market;West;17;Beans;Coffee;Colombian;27;124;Utah;60;80;50;140;44;Regular;Profit;;;-23;Met;Missed;202895;64311
503;59;-17;10/1/2532;411;79;Small Market;West;19;Beans;Espresso;Caffe Mocha;33;138;Oregon;50;80;50;130;46;Regular;Profit;;;-17;Met;Missed;202895;64311
920;53;-2;10/1/2533;321;88;Small Market;Central;16;Leaves;Herbal Tea;Chamomile;48;141;Wisconsin;50;80;50;130;40;Decaf;Profit;;;-2;Met;Missed;202895;64311
959;54;-9;10/1/2534;885;78;Small Market;East;15;Leaves;Tea;Darjeeling;51;132;Connecticut;50;80;60;130;27;Regular;Profit;;;-9;Met;Missed;202895;64311
740;46;-34;10/1/2535;422;57;Major Market;Central;17;Beans;Espresso;Decaf Espresso;6;103;Ohio;50;80;40;130;51;Decaf;Profit;;;-34;Met;Missed;202895;64311
630;67;7;10/1/2536;677;101;Major Market;Central;22;Leaves;Tea;Earl Grey;47;168;Illinois;50;80;40;130;54;Regular;Profit;;;7;Met;Met;202895;64311
518;54;-8;10/1/2537;601;79;Major Market;East;15;Leaves;Tea;Green Tea;52;133;New York;50;80;60;130;27;Regular;Profit;;;-8;Met;Missed;202895;64311
213;67;-3;10/1/2538;677;101;Major Market;West;22;Leaves;Tea;Green Tea;47;168;California;40;80;50;120;54;Regular;Profit;;;-3;Met;Missed;202895;64311
503;41;-25;10/1/2539;435;60;Small Market;West;13;Beans;Coffee;Decaf Irish Cream;25;101;Oregon;40;80;50;120;35;Decaf;Profit;;;-25;Met;Missed;202895;64311
715;65;-8;10/1/2540;403;80;Small Market;Central;24;Beans;Coffee;Amaretto;22;145;Wisconsin;60;80;30;140;58;Regular;Profit;;;-8;Met;Missed;202895;64311
503;47;-27;10/1/2541;521;65;Small Market;West;42;Beans;Coffee;Amaretto;-7;112;Oregon;50;80;20;130;72;Regular;Loss;;;-27;Met;Missed;202895;64311
801;49;-29;10/1/2542;392;65;Small Market;West;16;Beans;Coffee;Colombian;21;114;Utah;50;80;50;130;44;Regular;Profit;;;-29;Met;Missed;202895;64311
509;65;-7;10/1/2543;403;80;Small Market;West;24;Beans;Espresso;Caffe Mocha;23;145;Washington;60;80;30;140;57;Regular;Profit;;;-7;Met;Missed;202895;64311
985;68;-4;10/1/2544;619;85;Small Market;South;25;Leaves;Herbal Tea;Lemon;26;153;Louisiana;60;80;30;140;59;Decaf;Profit;;;-4;Met;Missed;202895;64311
432;76;36;10/1/2545;580;111;Major Market;South;21;Beans;Espresso;Decaf Espresso;116;199;Texas;40;80;80;120;33;Decaf;Profit;;;36;Met;Met;202895;64311
325;52;-31;10/1/2546;405;71;Major Market;South;17;Leaves;Herbal Tea;Chamomile;39;131;Texas;30;80;70;110;45;Decaf;Profit;;;-31;Met;Missed;202895;64311
815;76;36;10/1/2547;580;111;Major Market;Central;21;Leaves;Tea;Darjeeling;116;199;Illinois;50;80;80;130;33;Regular;Profit;;;36;Met;Met;202895;64311
815;72;32;10/1/2548;650;110;Major Market;Central;23;Leaves;Tea;Earl Grey;82;194;Illinois;50;80;50;130;55;Regular;Profit;;;32;Met;Met;202895;64311
636;65;-18;10/1/2549;1053;77;Small Market;Central;20;Beans;Coffee;Decaf Irish Cream;52;151;Missouri;50;80;70;130;42;Decaf;Profit;;;-18;Met;Missed;202895;64311
417;32;-38;10/1/2550;833;47;Small Market;Central;8;Beans;Espresso;Decaf Espresso;42;84;Missouri;30;80;80;110;19;Decaf;Profit;;;-38;Met;Missed;202895;64311
405;82;36;10/1/2551;788;123;Small Market;South;27;Beans;Espresso;Decaf Espresso;96;218;Oklahoma;50;80;60;130;58;Decaf;Profit;;;36;Met;Met;202895;64311
414;56;-28;10/1/2552;385;70;Small Market;Central;21;Beans;Coffee;Amaretto;22;134;Wisconsin;40;80;50;120;55;Regular;Profit;;;-28;Met;Missed;202895;64311
405;91;43;10/1/2553;-1785;127;Small Market;South;28;Beans;Espresso;Caffe Latte;113;232;Oklahoma;50;80;70;130;51;Regular;Profit;;;43;Met;Met;202895;64311
715;60;5;10/1/2554;329;99;Small Market;Central;18;Leaves;Herbal Tea;Chamomile;85;169;Wisconsin;40;80;80;120;42;Decaf;Profit;;;5;Met;Met;202895;64311
937;55;-16;10/1/2555;410;69;Major Market;Central;20;Beans;Espresso;Decaf Espresso;24;132;Ohio;70;80;40;150;53;Decaf;Profit;;;-16;Met;Missed;202895;64311
234;59;-1;10/1/2556;411;79;Major Market;Central;19;Beans;Coffee;Amaretto;49;147;Ohio;50;80;50;130;46;Regular;Profit;;;-1;Met;Missed;202895;64311
209;75;48;10/1/2557;659;114;Major Market;West;24;Leaves;Tea;Green Tea;88;201;California;50;80;40;130;55;Regular;Profit;;;48;Met;Met;202895;64311
417;69;16;10/1/2558;1060;81;Small Market;Central;21;Beans;Coffee;Decaf Irish Cream;56;160;Missouri;60;80;40;140;43;Decaf;Profit;;;16;Met;Met;202895;64311
503;46;-3;10/1/2559;424;68;Small Market;West;14;Beans;Coffee;Decaf Irish Cream;47;121;Oregon;50;80;50;130;36;Decaf;Profit;;;-3;Met;Missed;202895;64311
425;75;27;10/1/2560;1063;89;Small Market;West;23;Beans;Espresso;Decaf Espresso;67;175;Washington;70;80;40;150;44;Decaf;Profit;;;27;Met;Met;202895;64311
475;61;-7;10/1/2561;613;86;Small Market;East;55;Beans;Espresso;Caffe Mocha;3;157;Connecticut;60;80;10;140;84;Regular;Profit;;;-7;Met;Missed;202895;64311
318;47;5;10/1/2562;834;68;Small Market;South;13;Beans;Coffee;Colombian;65;123;Louisiana;50;80;60;130;24;Regular;Profit;;;5;Met;Met;202895;64311
971;52;-16;10/1/2563;509;73;Small Market;West;47;Beans;Coffee;Amaretto;-6;133;Oregon;60;80;10;140;77;Regular;Loss;;;-16;Met;Missed;202895;64311
435;53;-10;10/1/2564;380;71;Small Market;West;17;Beans;Coffee;Colombian;40;132;Utah;60;80;50;140;44;Regular;Profit;;;-10;Met;Missed;202895;64311
541;59;-1;10/1/2565;411;79;Small Market;West;19;Beans;Espresso;Caffe Mocha;49;147;Oregon;50;80;50;130;46;Regular;Profit;;;-1;Met;Missed;202895;64311
262;53;21;10/1/2566;321;88;Small Market;Central;16;Leaves;Herbal Tea;Chamomile;71;150;Wisconsin;50;80;50;130;40;Decaf;Profit;;;21;Met;Met;202895;64311
860;54;16;10/1/2567;885;78;Small Market;East;15;Leaves;Tea;Darjeeling;76;141;Connecticut;50;80;60;130;27;Regular;Profit;;;16;Met;Met;202895;64311
419;46;-31;10/1/2568;422;57;Major Market;Central;17;Beans;Espresso;Decaf Espresso;9;110;Ohio;50;80;40;130;51;Decaf;Profit;;;-31;Met;Missed;202895;64311
708;67;30;10/1/2569;677;101;Major Market;Central;22;Leaves;Tea;Earl Grey;70;179;Illinois;50;80;40;130;54;Regular;Profit;;;30;Met;Met;202895;64311
585;54;17;10/1/2570;601;79;Major Market;East;15;Leaves;Tea;Green Tea;77;142;New York;50;80;60;130;27;Regular;Profit;;;17;Met;Met;202895;64311
510;67;20;10/1/2571;677;101;Major Market;West;22;Leaves;Tea;Green Tea;70;179;California;40;80;50;120;54;Regular;Profit;;;20;Met;Met;202895;64311
541;41;-13;10/1/2572;435;60;Small Market;West;13;Beans;Coffee;Decaf Irish Cream;37;108;Oregon;40;80;50;120;35;Decaf;Profit;;;-13;Met;Missed;202895;64311
920;65;3;10/1/2573;403;80;Small Market;Central;24;Beans;Coffee;Amaretto;33;155;Wisconsin;60;80;30;140;58;Regular;Profit;;;3;Met;Met;202895;64311
541;47;-30;10/1/2574;521;65;Small Market;West;42;Beans;Coffee;Amaretto;-10;119;Oregon;50;80;20;130;72;Regular;Loss;;;-30;Met;Missed;202895;64311
435;49;-19;10/1/2575;392;65;Small Market;West;16;Beans;Coffee;Colombian;31;121;Utah;50;80;50;130;44;Regular;Profit;;;-19;Met;Missed;202895;64311
509;65;4;10/1/2576;403;80;Small Market;West;24;Beans;Espresso;Caffe Mocha;34;155;Washington;60;80;30;140;57;Regular;Profit;;;4;Met;Met;202895;64311
318;68;9;10/1/2577;619;85;Small Market;South;25;Leaves;Herbal Tea;Lemon;39;163;Louisiana;60;80;30;140;59;Decaf;Profit;;;9;Met;Met;202895;64311
214;39;-54;10/1/2578;541;51;Major Market;South;12;Beans;Coffee;Decaf Irish Cream;26;90;Texas;40;90;80;130;25;Decaf;Profit;;;-54;Met;Missed;202895;64311
936;239;-155;10/1/2579;1246;281;Major Market;South;74;Beans;Coffee;Colombian;185;520;Texas;350;420;340;770;96;Regular;Profit;;;-155;Met;Missed;202895;64311
210;123;33;10/1/2580;915;179;Major Market;South;34;Beans;Espresso;Caffe Mocha;133;302;Texas;70;120;100;190;46;Regular;Profit;;;33;Met;Met;202895;64311
225;48;-35;10/1/2581;851;70;Small Market;South;13;Beans;Coffee;Decaf Irish Cream;45;118;Louisiana;70;90;80;160;25;Decaf;Profit;;;-35;Met;Missed;202895;64311
225;48;-33;10/1/2582;829;71;Small Market;South;13;Beans;Coffee;Colombian;47;119;Louisiana;70;90;80;160;24;Regular;Profit;;;-33;Met;Missed;202895;64311
505;45;-57;10/1/2583;447;69;Small Market;South;14;Beans;Coffee;Colombian;23;114;New Mexico;50;110;80;160;46;Regular;Profit;;;-57;Met;Missed;202895;64311
918;90;-66;10/1/2584;572;115;Small Market;South;29;Beans;Coffee;Colombian;74;205;Oklahoma;130;160;140;290;41;Regular;Profit;;;-66;Met;Missed;202895;64311
505;25;-22;10/1/2585;-466;31;Small Market;South;9;Beans;Espresso;Caffe Latte;-12;56;New Mexico;10;20;10;30;43;Regular;Loss;;;-22;Met;Missed;202895;64311
225;103;-23;10/1/2586;564;133;Small Market;South;33;Leaves;Herbal Tea;Chamomile;87;236;Louisiana;80;130;110;210;46;Decaf;Profit;;;-23;Met;Missed;202895;64311
504;79;-26;10/1/2587;593;98;Small Market;South;30;Leaves;Herbal Tea;Lemon;34;177;Louisiana;60;90;60;150;64;Decaf;Profit;;;-26;Met;Missed;202895;64311
405;96;-23;10/1/2588;683;134;Small Market;South;87;Leaves;Herbal Tea;Lemon;17;230;Oklahoma;80;120;40;200;117;Decaf;Profit;;;-23;Met;Missed;202895;64311
956;225;-56;10/1/2589;1272;265;Major Market;South;69;Beans;Coffee;Colombian;174;490;Texas;260;320;230;580;91;Regular;Profit;;;-56;Met;Missed;202895;64311
817;75;19;10/1/2590;-1050;114;Major Market;South;24;Beans;Espresso;Caffe Latte;59;189;Texas;50;90;40;140;55;Regular;Profit;;;19;Met;Met;202895;64311
409;118;27;10/1/2591;930;172;Major Market;South;33;Beans;Espresso;Caffe Mocha;127;290;Texas;90;130;100;220;45;Regular;Profit;;;27;Met;Met;202895;64311
918;78;22;10/1/2592;798;119;Small Market;South;25;Beans;Espresso;Decaf Espresso;62;197;Oklahoma;60;90;40;150;57;Decaf;Profit;;;22;Met;Met;202895;64311
918;88;-19;10/1/2593;561;112;Small Market;South;29;Beans;Coffee;Colombian;71;200;Oklahoma;100;130;90;230;41;Regular;Profit;;;-19;Met;Missed;202895;64311
918;102;29;10/1/2594;-2003;143;Small Market;South;31;Beans;Espresso;Caffe Latte;89;245;Oklahoma;80;100;60;180;54;Regular;Profit;;;29;Met;Met;202895;64311
337;101;5;10/1/2595;552;130;Small Market;South;33;Leaves;Herbal Tea;Chamomile;85;231;Louisiana;90;120;80;210;45;Decaf;Profit;;;5;Met;Met;202895;64311
505;15;-1;10/1/2596;848;24;Small Market;South;4;Leaves;Herbal Tea;Chamomile;9;39;New Mexico;10;20;10;30;15;Decaf;Profit;;;-1;Met;Missed;202895;64311
337;82;-2;10/1/2597;601;102;Small Market;South;31;Leaves;Herbal Tea;Lemon;38;184;Louisiana;70;100;40;170;64;Decaf;Profit;;;-2;Met;Missed;202895;64311
580;94;-5;10/1/2598;694;130;Small Market;South;85;Leaves;Herbal Tea;Lemon;15;224;Oklahoma;80;120;20;200;115;Decaf;Profit;;;-5;Met;Missed;202895;64311
972;241;-52;10/1/2599;1321;284;Major Market;South;74;Beans;Coffee;Colombian;188;525;Texas;280;340;240;620;96;Regular;Profit;;;-52;Met;Missed;202895;64311
972;123;23;10/1/2600;959;179;Major Market;South;34;Beans;Espresso;Caffe Mocha;133;302;Texas;90;140;110;230;46;Regular;Profit;;;23;Met;Met;202895;64311
505;92;-24;10/1/2601;1898;68;Small Market;South;28;Beans;Coffee;Decaf Irish Cream;16;160;New Mexico;100;90;40;190;52;Decaf;Profit;;;-24;Met;Missed;202895;64311
405;88;12;10/1/2602;817;133;Small Market;South;29;Beans;Espresso;Decaf Espresso;72;221;Oklahoma;60;110;60;170;61;Decaf;Profit;;;12;Met;Met;202895;64311
318;49;-24;10/1/2603;845;71;Small Market;South;13;Beans;Coffee;Colombian;46;120;Louisiana;50;90;70;140;25;Regular;Profit;;;-24;Met;Missed;202895;64311
505;48;-23;10/1/2604;462;74;Small Market;South;15;Beans;Coffee;Colombian;27;122;New Mexico;50;90;50;140;47;Regular;Profit;;;-23;Met;Missed;202895;64311
405;81;-34;10/1/2605;551;104;Small Market;South;26;Beans;Coffee;Colombian;66;185;Oklahoma;90;130;100;220;38;Regular;Profit;;;-34;Met;Missed;202895;64311
505;20;-5;10/1/2606;-598;25;Small Market;South;7;Beans;Espresso;Caffe Latte;-15;45;New Mexico;10;20;-10;30;40;Regular;Loss;;;-5;Met;Missed;202895;64311
918;134;31;10/1/2607;-2248;186;Small Market;South;41;Beans;Espresso;Caffe Latte;121;320;Oklahoma;100;140;90;240;65;Regular;Profit;;;31;Met;Met;202895;64311
225;94;7;10/1/2608;540;120;Small Market;South;31;Leaves;Herbal Tea;Chamomile;77;214;Louisiana;80;110;70;190;43;Decaf;Profit;;;7;Met;Met;202895;64311
505;16;-1;10/1/2609;851;25;Small Market;South;4;Leaves;Herbal Tea;Chamomile;9;41;New Mexico;10;20;10;30;16;Decaf;Profit;;;-1;Met;Missed;202895;64311
580;105;-10;10/1/2610;716;145;Small Market;South;95;Leaves;Herbal Tea;Lemon;20;250;Oklahoma;90;140;30;230;125;Decaf;Profit;;;-10;Met;Missed;202895;64311
281;39;-41;10/1/2611;541;51;Major Market;South;12;Beans;Coffee;Decaf Irish Cream;39;96;Texas;40;90;80;130;25;Decaf;Profit;;;-41;Met;Missed;202895;64311
432;239;-65;10/1/2612;1246;281;Major Market;South;74;Beans;Coffee;Colombian;275;554;Texas;350;420;340;770;96;Regular;Profit;;;-65;Met;Missed;202895;64311
817;123;97;10/1/2613;915;179;Major Market;South;34;Beans;Espresso;Caffe Mocha;197;322;Texas;70;120;100;190;46;Regular;Profit;;;97;Met;Met;202895;64311
985;48;-13;10/1/2614;851;70;Small Market;South;13;Beans;Coffee;Decaf Irish Cream;67;126;Louisiana;70;90;80;160;25;Decaf;Profit;;;-13;Met;Missed;202895;64311
337;48;-10;10/1/2615;829;71;Small Market;South;13;Beans;Coffee;Colombian;70;127;Louisiana;70;90;80;160;24;Regular;Profit;;;-10;Met;Missed;202895;64311
505;45;-46;10/1/2616;447;69;Small Market;South;14;Beans;Coffee;Colombian;34;121;New Mexico;50;110;80;160;46;Regular;Profit;;;-46;Met;Missed;202895;64311
918;90;-30;10/1/2617;572;115;Small Market;South;29;Beans;Coffee;Colombian;110;218;Oklahoma;130;160;140;290;41;Regular;Profit;;;-30;Met;Missed;202895;64311
505;25;-28;10/1/2618;-466;31;Small Market;South;9;Beans;Espresso;Caffe Latte;-18;60;New Mexico;10;20;10;30;43;Regular;Loss;;;-28;Met;Missed;202895;64311
318;103;19;10/1/2619;564;133;Small Market;South;33;Leaves;Herbal Tea;Chamomile;129;251;Louisiana;80;130;110;210;46;Decaf;Profit;;;19;Met;Met;202895;64311
225;79;-10;10/1/2620;593;98;Small Market;South;30;Leaves;Herbal Tea;Lemon;50;189;Louisiana;60;90;60;150;64;Decaf;Profit;;;-10;Met;Missed;202895;64311
918;96;-15;10/1/2621;683;134;Small Market;South;87;Leaves;Herbal Tea;Lemon;25;245;Oklahoma;80;120;40;200;117;Decaf;Profit;;;-15;Met;Missed;202895;64311
432;225;28;10/1/2622;1272;265;Major Market;South;69;Beans;Coffee;Colombian;258;522;Texas;260;320;230;580;91;Regular;Profit;;;28;Met;Met;202895;64311
806;75;48;10/1/2623;-1050;114;Major Market;South;24;Beans;Espresso;Caffe Latte;88;201;Texas;50;90;40;140;55;Regular;Profit;;;48;Met;Met;202895;64311
915;118;88;10/1/2624;930;172;Major Market;South;33;Beans;Espresso;Caffe Mocha;188;309;Texas;90;130;100;220;45;Regular;Profit;;;88;Met;Met;202895;64311
580;78;52;10/1/2625;798;119;Small Market;South;25;Beans;Espresso;Decaf Espresso;92;210;Oklahoma;60;90;40;150;57;Decaf;Profit;;;52;Met;Met;202895;64311
918;88;15;10/1/2626;561;112;Small Market;South;29;Beans;Coffee;Colombian;105;213;Oklahoma;100;130;90;230;41;Regular;Profit;;;15;Met;Met;202895;64311
405;102;72;10/1/2627;-2003;143;Small Market;South;31;Beans;Espresso;Caffe Latte;132;261;Oklahoma;80;100;60;180;54;Regular;Profit;;;72;Met;Met;202895;64311
985;101;46;10/1/2628;552;130;Small Market;South;33;Leaves;Herbal Tea;Chamomile;126;246;Louisiana;90;120;80;210;45;Decaf;Profit;;;46;Met;Met;202895;64311
505;15;3;10/1/2629;848;24;Small Market;South;4;Leaves;Herbal Tea;Chamomile;13;42;New Mexico;10;20;10;30;15;Decaf;Profit;;;3;Met;Met;202895;64311
337;82;16;10/1/2630;601;102;Small Market;South;31;Leaves;Herbal Tea;Lemon;56;196;Louisiana;70;100;40;170;64;Decaf;Profit;;;16;Met;Met;202895;64311
405;94;2;10/1/2631;694;130;Small Market;South;85;Leaves;Herbal Tea;Lemon;22;239;Oklahoma;80;120;20;200;115;Decaf;Profit;;;2;Met;Met;202895;64311
409;241;39;10/1/2632;1321;284;Major Market;South;74;Beans;Coffee;Colombian;279;559;Texas;280;340;240;620;96;Regular;Profit;;;39;Met;Met;202895;64311
254;123;87;10/1/2633;959;179;Major Market;South;34;Beans;Espresso;Caffe Mocha;197;322;Texas;90;140;110;230;46;Regular;Profit;;;87;Met;Met;202895;64311
505;92;-16;10/1/2634;1898;68;Small Market;South;28;Beans;Coffee;Decaf Irish Cream;24;171;New Mexico;100;90;40;190;52;Decaf;Profit;;;-16;Met;Missed;202895;64311
918;88;47;10/1/2635;817;133;Small Market;South;29;Beans;Espresso;Decaf Espresso;107;236;Oklahoma;60;110;60;170;61;Decaf;Profit;;;47;Met;Met;202895;64311
985;49;-2;10/1/2636;845;71;Small Market;South;13;Beans;Coffee;Colombian;68;128;Louisiana;50;90;70;140;25;Regular;Profit;;;-2;Met;Missed;202895;64311
505;48;-10;10/1/2637;462;74;Small Market;South;15;Beans;Coffee;Colombian;40;130;New Mexico;50;90;50;140;47;Regular;Profit;;;-10;Met;Missed;202895;64311
580;81;-2;10/1/2638;551;104;Small Market;South;26;Beans;Coffee;Colombian;98;197;Oklahoma;90;130;100;220;38;Regular;Profit;;;-2;Met;Missed;202895;64311
505;20;-12;10/1/2639;-598;25;Small Market;South;7;Beans;Espresso;Caffe Latte;-22;48;New Mexico;10;20;-10;30;40;Regular;Loss;;;-12;Met;Missed;202895;64311
918;134;90;10/1/2640;-2248;186;Small Market;South;41;Beans;Espresso;Caffe Latte;180;341;Oklahoma;100;140;90;240;65;Regular;Profit;;;90;Met;Met;202895;64311
985;94;44;10/1/2641;540;120;Small Market;South;31;Leaves;Herbal Tea;Chamomile;114;228;Louisiana;80;110;70;190;43;Decaf;Profit;;;44;Met;Met;202895;64311
505;16;3;10/1/2642;851;25;Small Market;South;4;Leaves;Herbal Tea;Chamomile;13;44;New Mexico;10;20;10;30;16;Decaf;Profit;;;3;Met;Met;202895;64311
580;105;0;10/1/2643;716;145;Small Market;South;95;Leaves;Herbal Tea;Lemon;30;266;Oklahoma;90;140;30;230;125;Decaf;Profit;;;0;Met;Met;202895;64311
860;125;-15;10/1/2644;1119;188;Small Market;East;41;Beans;Coffee;Colombian;115;313;Connecticut;100;160;130;260;73;Regular;Profit;;;-15;Met;Missed;202895;64311
203;60;-39;10/1/2645;606;84;Small Market;East;54;Beans;Espresso;Caffe Mocha;1;144;Connecticut;40;90;40;130;83;Regular;Profit;;;-39;Met;Missed;202895;64311
203;130;-8;10/1/2646;1134;195;Small Market;East;42;Beans;Coffee;Colombian;122;325;Connecticut;110;180;130;290;73;Regular;Profit;;;-8;Met;Missed;202895;64311
203;115;-5;10/1/2647;1166;174;Small Market;East;37;Beans;Coffee;Colombian;105;289;Connecticut;100;160;110;260;69;Regular;Profit;;;-5;Met;Missed;202895;64311
203;125;41;10/1/2648;1119;188;Small Market;East;41;Beans;Coffee;Colombian;171;334;Connecticut;100;160;130;260;73;Regular;Profit;;;41;Met;Met;202895;64311
959;60;-39;10/1/2649;606;84;Small Market;East;54;Beans;Espresso;Caffe Mocha;1;153;Connecticut;40;90;40;130;83;Regular;Profit;;;-39;Met;Missed;202895;64311
203;130;51;10/1/2650;1134;195;Small Market;East;42;Beans;Coffee;Colombian;181;346;Connecticut;110;180;130;290;73;Regular;Profit;;;51;Met;Met;202895;64311
959;115;46;10/1/2651;1166;174;Small Market;East;37;Beans;Coffee;Colombian;156;308;Connecticut;100;160;110;260;69;Regular;Profit;;;46;Met;Met;202895;64311
561;91;-14;10/1/2652;656;127;Major Market;East;28;Beans;Coffee;Decaf Irish Cream;76;218;Florida;70;110;90;180;51;Decaf;Profit;;;-14;Met;Missed;202895;64311
239;86;-30;10/1/2653;547;116;Major Market;East;28;Beans;Espresso;Decaf Espresso;60;202;Florida;70;110;90;180;56;Decaf;Profit;;;-30;Met;Missed;202895;64311
407;82;-26;10/1/2654;788;123;Major Market;East;27;Beans;Coffee;Colombian;64;205;Florida;60;110;90;170;59;Regular;Profit;;;-26;Met;Missed;202895;64311
857;72;18;10/1/2655;-3004;402;Major Market;East;23;Beans;Coffee;Colombian;348;474;Massachusetts;50;350;330;400;54;Regular;Profit;;;18;Met;Met;202895;64311
315;260;17;10/1/2656;2548;390;Major Market;East;91;Beans;Coffee;Colombian;247;650;New York;210;330;230;540;143;Regular;Profit;;;17;Met;Met;202895;64311
239;96;-32;10/1/2657;683;134;Major Market;East;87;Beans;Espresso;Caffe Mocha;18;230;Florida;80;130;50;210;116;Regular;Profit;;;-32;Met;Missed;202895;64311
845;125;-32;10/1/2658;3142;-56;Major Market;East;113;Beans;Espresso;Caffe Mocha;-202;69;New York;110;-60;-170;50;146;Regular;Loss;;;-32;Met;Missed;202895;64311
781;161;-28;10/1/2659;1267;161;Major Market;East;45;Beans;Espresso;Regular Espresso;92;322;Massachusetts;140;160;120;300;69;Regular;Profit;;;-28;Met;Missed;202895;64311
718;239;-15;10/1/2660;1197;526;Major Market;East;66;Beans;Espresso;Regular Espresso;435;765;New York;210;510;450;720;91;Regular;Profit;;;-15;Met;Missed;202895;64311
386;22;-10;10/1/2661;573;29;Major Market;East;7;Leaves;Herbal Tea;Chamomile;10;51;Florida;0;20;20;20;19;Decaf;Profit;;;-10;Met;Missed;202895;64311
845;255;59;10/1/2662;1622;258;Major Market;East;96;Leaves;Herbal Tea;Lemon;129;513;New York;140;150;70;290;129;Decaf;Profit;;;59;Met;Met;202895;64311
315;239;-70;10/1/2663;4360;-75;Major Market;East;74;Leaves;Herbal Tea;Mint;-170;164;New York;130;-50;-100;80;95;Decaf;Loss;;;-70;Met;Missed;202895;64311
516;108;-25;10/1/2664;971;157;Major Market;East;30;Leaves;Tea;Darjeeling;115;265;New York;110;170;140;280;42;Regular;Profit;;;-25;Met;Missed;202895;64311
716;123;-26;10/1/2665;915;179;Major Market;East;34;Leaves;Tea;Earl Grey;134;302;New York;130;190;160;320;45;Regular;Profit;;;-26;Met;Missed;202895;64311
518;76;-22;10/1/2666;580;111;Major Market;East;21;Leaves;Tea;Green Tea;78;187;New York;80;120;100;200;33;Regular;Profit;;;-22;Met;Missed;202895;64311
772;102;-1;10/1/2667;666;143;Major Market;East;31;Beans;Coffee;Decaf Irish Cream;89;245;Florida;90;130;90;220;54;Decaf;Profit;;;-1;Met;Missed;202895;64311
561;77;-9;10/1/2668;557;103;Major Market;East;25;Beans;Espresso;Decaf Espresso;51;180;Florida;70;100;60;170;52;Decaf;Profit;;;-9;Met;Missed;202895;64311
754;78;3;10/1/2669;798;119;Major Market;East;25;Beans;Coffee;Colombian;63;197;Florida;70;100;60;170;56;Regular;Profit;;;3;Met;Met;202895;64311
978;75;24;10/1/2670;-3287;379;Major Market;East;24;Beans;Coffee;Colombian;324;454;Massachusetts;60;340;300;400;55;Regular;Profit;;;24;Met;Met;202895;64311
347;249;6;10/1/2671;2580;374;Major Market;East;87;Beans;Coffee;Colombian;236;623;New York;220;340;230;560;138;Regular;Profit;;;6;Met;Met;202895;64311
754;94;-5;10/1/2672;694;130;Major Market;East;85;Beans;Espresso;Caffe Mocha;15;224;Florida;90;120;20;210;115;Regular;Profit;;;-5;Met;Missed;202895;64311
347;121;-12;10/1/2673;3385;-60;Major Market;East;109;Beans;Espresso;Caffe Mocha;-202;61;New York;110;-60;-190;50;142;Regular;Loss;;;-12;Met;Missed;202895;64311
508;181;-12;10/1/2674;1283;182;Major Market;East;50;Beans;Espresso;Regular Espresso;108;363;Massachusetts;170;180;120;350;74;Regular;Profit;;;-12;Met;Missed;202895;64311
646;211;-9;10/1/2675;933;464;Major Market;East;59;Beans;Espresso;Regular Espresso;381;675;New York;200;460;390;660;83;Regular;Profit;;;-9;Met;Missed;202895;64311
561;22;1;10/1/2676;570;30;Major Market;East;7;Leaves;Herbal Tea;Chamomile;11;52;Florida;10;20;10;30;19;Decaf;Profit;;;1;Met;Met;202895;64311
631;245;64;10/1/2677;1704;331;Major Market;East;93;Leaves;Herbal Tea;Lemon;204;576;New York;180;240;140;420;127;Decaf;Profit;;;64;Met;Met;202895;64311
914;225;-36;10/1/2678;4742;-65;Major Market;East;69;Leaves;Herbal Tea;Mint;-156;160;New York;160;-50;-120;110;91;Decaf;Loss;;;-36;Met;Missed;202895;64311
518;81;-6;10/1/2679;984;117;Major Market;East;22;Leaves;Tea;Darjeeling;84;198;New York;80;120;90;200;33;Regular;Profit;;;-6;Met;Missed;202895;64311
315;118;-3;10/1/2680;930;172;Major Market;East;33;Leaves;Tea;Earl Grey;127;290;New York;120;170;130;290;45;Regular;Profit;;;-3;Met;Missed;202895;64311
813;134;12;10/1/2681;690;186;Major Market;East;41;Beans;Coffee;Decaf Irish Cream;122;320;Florida;120;160;110;280;64;Decaf;Profit;;;12;Met;Met;202895;64311
407;83;-12;10/1/2682;575;112;Major Market;East;27;Beans;Espresso;Decaf Espresso;58;195;Florida;80;110;70;190;54;Decaf;Profit;;;-12;Met;Missed;202895;64311
754;88;-7;10/1/2683;817;133;Major Market;East;29;Beans;Coffee;Colombian;73;221;Florida;70;120;80;190;60;Regular;Profit;;;-7;Met;Missed;202895;64311
351;67;30;10/1/2684;-3534;443;Major Market;East;22;Beans;Coffee;Colombian;390;510;Massachusetts;60;390;360;450;53;Regular;Profit;;;30;Met;Met;202895;64311
845;279;21;10/1/2685;2642;420;Major Market;East;97;Beans;Coffee;Colombian;271;699;New York;250;370;250;620;149;Regular;Profit;;;21;Met;Met;202895;64311
305;105;-9;10/1/2686;716;145;Major Market;East;95;Beans;Espresso;Caffe Mocha;21;250;Florida;100;140;30;240;124;Regular;Profit;;;-9;Met;Missed;202895;64311
212;135;-14;10/1/2687;3641;-69;Major Market;East;122;Beans;Espresso;Caffe Mocha;-224;66;New York;130;-70;-210;60;155;Regular;Loss;;;-14;Met;Missed;202895;64311
351;153;7;10/1/2688;1319;153;Major Market;East;42;Beans;Espresso;Regular Espresso;87;306;Massachusetts;150;140;80;290;66;Regular;Profit;;;7;Met;Met;202895;64311
718;250;-8;10/1/2689;723;407;Major Market;East;70;Beans;Espresso;Regular Espresso;312;657;New York;240;400;320;640;95;Regular;Profit;;;-8;Met;Missed;202895;64311
607;294;99;10/1/2690;1727;453;Major Market;East;111;Leaves;Herbal Tea;Lemon;309;747;New York;220;320;210;540;144;Decaf;Profit;;;99;Met;Met;202895;64311
716;241;-39;10/1/2691;5121;-93;Major Market;East;74;Leaves;Herbal Tea;Mint;-189;148;New York;180;-80;-150;100;96;Decaf;Loss;;;-39;Met;Missed;202895;64311
716;86;-1;10/1/2692;1003;124;Major Market;East;24;Leaves;Tea;Darjeeling;89;210;New York;90;120;90;210;35;Regular;Profit;;;-1;Met;Missed;202895;64311
718;123;-17;10/1/2693;959;179;Major Market;East;34;Leaves;Tea;Earl Grey;133;302;New York;120;190;150;310;46;Regular;Profit;;;-17;Met;Missed;202895;64311
772;91;23;10/1/2694;656;127;Major Market;East;28;Beans;Coffee;Decaf Irish Cream;113;232;Florida;70;110;90;180;51;Decaf;Profit;;;23;Met;Met;202895;64311
321;86;-1;10/1/2695;547;116;Major Market;East;28;Beans;Espresso;Decaf Espresso;89;215;Florida;70;110;90;180;56;Decaf;Profit;;;-1;Met;Missed;202895;64311
954;82;5;10/1/2696;788;123;Major Market;East;27;Beans;Coffee;Colombian;95;218;Florida;60;110;90;170;59;Regular;Profit;;;5;Met;Met;202895;64311
857;72;186;10/1/2697;-3004;402;Major Market;East;23;Beans;Coffee;Colombian;516;505;Massachusetts;50;350;330;400;54;Regular;Profit;;;186;Met;Met;202895;64311
716;260;137;10/1/2698;2548;390;Major Market;East;91;Beans;Coffee;Colombian;367;693;New York;210;330;230;540;143;Regular;Profit;;;137;Met;Met;202895;64311
727;96;-23;10/1/2699;683;134;Major Market;East;87;Beans;Espresso;Caffe Mocha;27;245;Florida;80;130;50;210;116;Regular;Profit;;;-23;Met;Missed;202895;64311
914;125;-130;10/1/2700;3142;-56;Major Market;East;113;Beans;Espresso;Caffe Mocha;-300;74;New York;110;-60;-170;50;146;Regular;Loss;;;-130;Met;Missed;202895;64311
508;161;17;10/1/2701;1267;161;Major Market;East;45;Beans;Espresso;Regular Espresso;137;343;Massachusetts;140;160;120;300;69;Regular;Profit;;;17;Met;Met;202895;64311
212;239;196;10/1/2702;1197;526;Major Market;East;66;Beans;Espresso;Regular Espresso;646;815;New York;210;510;450;720;91;Regular;Profit;;;196;Met;Met;202895;64311
904;22;-5;10/1/2703;573;29;Major Market;East;7;Leaves;Herbal Tea;Chamomile;15;54;Florida;0;20;20;20;19;Decaf;Profit;;;-5;Met;Missed;202895;64311
585;255;121;10/1/2704;1622;258;Major Market;East;96;Leaves;Herbal Tea;Lemon;191;547;New York;140;150;70;290;129;Decaf;Profit;;;121;Met;Met;202895;64311
631;239;-152;10/1/2705;4360;-75;Major Market;East;74;Leaves;Herbal Tea;Mint;-252;175;New York;130;-50;-100;80;95;Decaf;Loss;;;-152;Met;Missed;202895;64311
585;108;31;10/1/2706;971;157;Major Market;East;30;Leaves;Tea;Darjeeling;171;282;New York;110;170;140;280;42;Regular;Profit;;;31;Met;Met;202895;64311
718;123;39;10/1/2707;915;179;Major Market;East;34;Leaves;Tea;Earl Grey;199;322;New York;130;190;160;320;45;Regular;Profit;;;39;Met;Met;202895;64311
607;76;16;10/1/2708;580;111;Major Market;East;21;Leaves;Tea;Green Tea;116;199;New York;80;120;100;200;33;Regular;Profit;;;16;Met;Met;202895;64311
904;102;42;10/1/2709;666;143;Major Market;East;31;Beans;Coffee;Decaf Irish Cream;132;261;Florida;90;130;90;220;54;Decaf;Profit;;;42;Met;Met;202895;64311
772;77;16;10/1/2710;557;103;Major Market;East;25;Beans;Espresso;Decaf Espresso;76;192;Florida;70;100;60;170;52;Decaf;Profit;;;16;Met;Met;202895;64311
786;78;33;10/1/2711;798;119;Major Market;East;25;Beans;Coffee;Colombian;93;210;Florida;70;100;60;170;56;Regular;Profit;;;33;Met;Met;202895;64311
857;75;181;10/1/2712;-3287;379;Major Market;East;24;Beans;Coffee;Colombian;481;484;Massachusetts;60;340;300;400;55;Regular;Profit;;;181;Met;Met;202895;64311
607;249;120;10/1/2713;2580;374;Major Market;East;87;Beans;Coffee;Colombian;350;664;New York;220;340;230;560;138;Regular;Profit;;;120;Met;Met;202895;64311
813;94;2;10/1/2714;694;130;Major Market;East;85;Beans;Espresso;Caffe Mocha;22;239;Florida;90;120;20;210;115;Regular;Profit;;;2;Met;Met;202895;64311
914;121;-110;10/1/2715;3385;-60;Major Market;East;109;Beans;Espresso;Caffe Mocha;-300;65;New York;110;-60;-190;50;142;Regular;Loss;;;-110;Met;Missed;202895;64311
617;181;40;10/1/2716;1283;182;Major Market;East;50;Beans;Espresso;Regular Espresso;160;387;Massachusetts;170;180;120;350;74;Regular;Profit;;;40;Met;Met;202895;64311
917;211;175;10/1/2717;933;464;Major Market;East;59;Beans;Espresso;Regular Espresso;565;719;New York;200;460;390;660;83;Regular;Profit;;;175;Met;Met;202895;64311
727;22;6;10/1/2718;570;30;Major Market;East;7;Leaves;Herbal Tea;Chamomile;16;55;Florida;10;20;10;30;19;Decaf;Profit;;;6;Met;Met;202895;64311
585;245;163;10/1/2719;1704;331;Major Market;East;93;Leaves;Herbal Tea;Lemon;303;614;New York;180;240;140;420;127;Decaf;Profit;;;163;Met;Met;202895;64311
518;225;-112;10/1/2720;4742;-65;Major Market;East;69;Leaves;Herbal Tea;Mint;-232;171;New York;160;-50;-120;110;91;Decaf;Loss;;;-112;Met;Missed;202895;64311
516;81;35;10/1/2721;984;117;Major Market;East;22;Leaves;Tea;Darjeeling;125;211;New York;80;120;90;200;33;Regular;Profit;;;35;Met;Met;202895;64311
914;118;58;10/1/2722;930;172;Major Market;East;33;Leaves;Tea;Earl Grey;188;309;New York;120;170;130;290;45;Regular;Profit;;;58;Met;Met;202895;64311
727;134;71;10/1/2723;690;186;Major Market;East;41;Beans;Coffee;Decaf Irish Cream;181;341;Florida;120;160;110;280;64;Decaf;Profit;;;71;Met;Met;202895;64311
386;83;16;10/1/2724;575;112;Major Market;East;27;Beans;Espresso;Decaf Espresso;86;208;Florida;80;110;70;190;54;Decaf;Profit;;;16;Met;Met;202895;64311
407;88;28;10/1/2725;817;133;Major Market;East;29;Beans;Coffee;Colombian;108;236;Florida;70;120;80;190;60;Regular;Profit;;;28;Met;Met;202895;64311
351;67;219;10/1/2726;-3534;443;Major Market;East;22;Beans;Coffee;Colombian;579;543;Massachusetts;60;390;360;450;53;Regular;Profit;;;219;Met;Met;202895;64311
315;279;152;10/1/2727;2642;420;Major Market;East;97;Beans;Coffee;Colombian;402;745;New York;250;370;250;620;149;Regular;Profit;;;152;Met;Met;202895;64311
305;105;1;10/1/2728;716;145;Major Market;East;95;Beans;Espresso;Caffe Mocha;31;266;Florida;100;140;30;240;124;Regular;Profit;;;1;Met;Met;202895;64311
845;135;-122;10/1/2729;3641;-69;Major Market;East;122;Beans;Espresso;Caffe Mocha;-332;70;New York;130;-70;-210;60;155;Regular;Loss;;;-122;Met;Missed;202895;64311
857;153;49;10/1/2730;1319;153;Major Market;East;42;Beans;Espresso;Regular Espresso;129;326;Massachusetts;150;140;80;290;66;Regular;Profit;;;49;Met;Met;202895;64311
518;250;143;10/1/2731;723;407;Major Market;East;70;Beans;Espresso;Regular Espresso;463;700;New York;240;400;320;640;95;Regular;Profit;;;143;Met;Met;202895;64311
631;294;249;10/1/2732;1727;453;Major Market;East;111;Leaves;Herbal Tea;Lemon;459;796;New York;220;320;210;540;144;Decaf;Profit;;;249;Met;Met;202895;64311
716;241;-130;10/1/2733;5121;-93;Major Market;East;74;Leaves;Herbal Tea;Mint;-280;158;New York;180;-80;-150;100;96;Decaf;Loss;;;-130;Met;Missed;202895;64311
718;86;42;10/1/2734;1003;124;Major Market;East;24;Leaves;Tea;Darjeeling;132;224;New York;90;120;90;210;35;Regular;Profit;;;42;Met;Met;202895;64311
518;123;47;10/1/2735;959;179;Major Market;East;34;Leaves;Tea;Earl Grey;197;322;New York;120;190;150;310;46;Regular;Profit;;;47;Met;Met;202895;64311
719;108;-34;10/1/2736;971;157;Major Market;Central;30;Beans;Coffee;Decaf Irish Cream;116;265;Colorado;100;160;150;260;41;Decaf;Profit;;;-34;Met;Missed;202895;64311
815;122;-45;10/1/2737;789;176;Major Market;Central;39;Beans;Coffee;Decaf Irish Cream;115;298;Illinois;110;190;160;300;61;Decaf;Profit;;;-45;Met;Missed;202895;64311
303;72;-74;10/1/2738;650;110;Major Market;Central;23;Beans;Espresso;Decaf Espresso;56;182;Colorado;100;160;130;260;54;Decaf;Profit;;;-74;Met;Missed;202895;64311
312;239;-151;10/1/2739;1755;239;Major Market;Central;66;Beans;Espresso;Decaf Espresso;149;478;Illinois;340;370;300;710;90;Decaf;Profit;;;-151;Met;Missed;202895;64311
614;54;-58;10/1/2740;404;66;Major Market;Central;20;Beans;Espresso;Decaf Espresso;12;120;Ohio;70;100;70;170;54;Decaf;Profit;;;-58;Met;Missed;202895;64311
970;123;-27;10/1/2741;915;179;Major Market;Central;34;Beans;Coffee;Amaretto;133;302;Colorado;120;180;160;300;46;Regular;Profit;;;-27;Met;Missed;202895;64311
815;154;-40;10/1/2742;1132;213;Major Market;Central;50;Beans;Coffee;Colombian;120;367;Illinois;150;220;160;370;93;Regular;Profit;;;-40;Met;Missed;202895;64311
303;76;-91;10/1/2743;580;111;Major Market;Central;21;Beans;Espresso;Caffe Mocha;79;187;Colorado;100;180;170;280;32;Regular;Profit;;;-91;Met;Missed;202895;64311
815;257;-196;10/1/2744;1662;341;Major Market;Central;84;Beans;Espresso;Caffe Mocha;224;598;Illinois;370;520;420;890;117;Regular;Profit;;;-196;Met;Missed;202895;64311
567;161;-98;10/1/2745;1267;161;Major Market;Central;45;Beans;Espresso;Caffe Mocha;92;322;Ohio;230;240;190;470;69;Regular;Profit;;;-98;Met;Missed;202895;64311
719;161;-18;10/1/2746;1267;161;Major Market;Central;45;Leaves;Herbal Tea;Chamomile;92;322;Colorado;120;140;110;260;69;Decaf;Profit;;;-18;Met;Missed;202895;64311
708;123;-7;10/1/2747;915;179;Major Market;Central;34;Leaves;Herbal Tea;Chamomile;133;302;Illinois;90;150;140;240;46;Decaf;Profit;;;-7;Met;Missed;202895;64311
815;108;-4;10/1/2748;971;157;Major Market;Central;30;Leaves;Herbal Tea;Mint;116;265;Illinois;80;130;120;210;41;Decaf;Profit;;;-4;Met;Missed;202895;64311
234;82;5;10/1/2749;788;123;Major Market;Central;27;Leaves;Tea;Darjeeling;65;205;Ohio;50;90;60;140;58;Regular;Profit;;;5;Met;Met;202895;64311
614;91;-4;10/1/2750;656;127;Major Market;Central;28;Leaves;Tea;Earl Grey;76;218;Ohio;50;100;80;150;51;Regular;Profit;;;-4;Met;Missed;202895;64311
720;90;-6;10/1/2751;572;115;Major Market;Central;29;Leaves;Tea;Green Tea;74;205;Colorado;50;90;80;140;41;Regular;Profit;;;-6;Met;Missed;202895;64311
641;10;-12;10/1/2752;598;13;Small Market;Central;3;Beans;Coffee;Decaf Irish Cream;-2;23;Iowa;0;10;10;10;15;Decaf;Loss;;;-12;Met;Missed;202895;64311
715;86;-39;10/1/2753;547;116;Small Market;Central;28;Beans;Coffee;Decaf Irish Cream;61;202;Wisconsin;80;120;100;200;55;Decaf;Profit;;;-39;Met;Missed;202895;64311
816;79;-35;10/1/2754;593;98;Small Market;Central;30;Beans;Coffee;Colombian;35;177;Missouri;70;100;70;170;63;Regular;Profit;;;-35;Met;Missed;202895;64311
715;96;-42;10/1/2755;683;134;Small Market;Central;87;Beans;Coffee;Colombian;18;230;Wisconsin;90;140;60;230;116;Regular;Profit;;;-42;Met;Missed;202895;64311
314;40;-54;10/1/2756;881;59;Small Market;Central;11;Beans;Espresso;Caffe Mocha;36;99;Missouri;50;90;90;140;23;Regular;Profit;;;-54;Met;Missed;202895;64311
608;80;-72;10/1/2757;1055;94;Small Market;Central;24;Beans;Espresso;Caffe Mocha;48;174;Wisconsin;110;140;120;250;46;Regular;Profit;;;-72;Met;Missed;202895;64311
712;257;14;10/1/2758;1662;341;Small Market;Central;84;Leaves;Herbal Tea;Chamomile;224;598;Iowa;200;280;210;480;117;Decaf;Profit;;;14;Met;Met;202895;64311
641;122;-16;10/1/2759;789;176;Small Market;Central;39;Leaves;Herbal Tea;Lemon;114;298;Iowa;90;150;130;240;62;Decaf;Profit;;;-16;Met;Missed;202895;64311
573;86;-36;10/1/2760;1698;23;Small Market;Central;26;Leaves;Herbal Tea;Lemon;-26;109;Missouri;60;20;10;80;49;Decaf;Loss;;;-36;Met;Missed;202895;64311
563;239;39;10/1/2761;1755;239;Small Market;Central;66;Leaves;Tea;Darjeeling;149;478;Iowa;170;170;110;340;90;Regular;Profit;;;39;Met;Met;202895;64311
563;255;53;10/1/2762;1756;312;Small Market;Central;96;Leaves;Tea;Earl Grey;183;567;Iowa;170;230;130;400;129;Regular;Profit;;;53;Met;Met;202895;64311
417;25;-11;10/1/2763;209;31;Small Market;Central;9;Leaves;Tea;Earl Grey;-11;56;Missouri;10;20;0;30;42;Regular;Loss;;;-11;Met;Missed;202895;64311
970;81;4;10/1/2764;984;117;Major Market;Central;22;Beans;Coffee;Decaf Irish Cream;84;198;Colorado;80;110;80;190;33;Decaf;Profit;;;4;Met;Met;202895;64311
815;113;-4;10/1/2765;803;165;Major Market;Central;36;Beans;Coffee;Decaf Irish Cream;106;278;Illinois;110;160;110;270;59;Decaf;Profit;;;-4;Met;Missed;202895;64311
303;75;-42;10/1/2766;659;114;Major Market;Central;24;Beans;Espresso;Decaf Espresso;58;189;Colorado;90;150;100;240;56;Decaf;Profit;;;-42;Met;Missed;202895;64311
847;211;-71;10/1/2767;1778;212;Major Market;Central;59;Beans;Espresso;Decaf Espresso;129;423;Illinois;270;270;200;540;83;Decaf;Profit;;;-71;Met;Missed;202895;64311
970;118;-2;10/1/2768;930;172;Major Market;Central;33;Beans;Coffee;Amaretto;128;290;Colorado;110;170;130;280;44;Regular;Profit;;;-2;Met;Missed;202895;64311
815;173;-1;10/1/2769;1150;239;Major Market;Central;57;Beans;Coffee;Colombian;139;412;Illinois;170;230;140;400;100;Regular;Profit;;;-1;Met;Missed;202895;64311
303;50;-22;10/1/2770;589;73;Major Market;Central;14;Beans;Espresso;Caffe Mocha;48;123;Colorado;60;90;70;150;25;Regular;Profit;;;-22;Met;Missed;202895;64311
224;228;-94;10/1/2771;1691;304;Major Market;Central;75;Beans;Espresso;Caffe Mocha;196;532;Illinois;290;390;290;680;108;Regular;Profit;;;-94;Met;Missed;202895;64311
440;181;-63;10/1/2772;1283;182;Major Market;Central;50;Beans;Espresso;Caffe Mocha;107;363;Ohio;230;230;170;460;75;Regular;Profit;;;-63;Met;Missed;202895;64311
970;181;7;10/1/2773;1283;182;Major Market;Central;50;Leaves;Herbal Tea;Chamomile;107;363;Colorado;170;160;100;330;75;Decaf;Profit;;;7;Met;Met;202895;64311
312;118;17;10/1/2774;930;172;Major Market;Central;33;Leaves;Herbal Tea;Chamomile;127;290;Illinois;110;150;110;260;45;Decaf;Profit;;;17;Met;Met;202895;64311
630;81;4;10/1/2775;984;117;Major Market;Central;22;Leaves;Herbal Tea;Mint;84;198;Illinois;70;110;80;180;33;Decaf;Profit;;;4;Met;Met;202895;64311
330;78;2;10/1/2776;798;119;Major Market;Central;25;Leaves;Tea;Darjeeling;62;197;Ohio;60;100;60;160;57;Regular;Profit;;;2;Met;Met;202895;64311
630;75;9;10/1/2777;659;114;Major Market;Central;24;Leaves;Tea;Earl Grey;59;189;Illinois;60;90;50;150;55;Regular;Profit;;;9;Met;Met;202895;64311
419;102;19;10/1/2778;666;143;Major Market;Central;31;Leaves;Tea;Earl Grey;89;245;Ohio;80;120;70;200;54;Regular;Profit;;;19;Met;Met;202895;64311
719;88;10;10/1/2779;561;112;Major Market;Central;29;Leaves;Tea;Green Tea;70;200;Colorado;70;90;60;160;42;Regular;Profit;;;10;Met;Met;202895;64311
641;10;-13;10/1/2780;596;13;Small Market;Central;3;Beans;Coffee;Decaf Irish Cream;-3;23;Iowa;0;20;10;20;16;Decaf;Loss;;;-13;Met;Missed;202895;64311
262;77;-9;10/1/2781;557;103;Small Market;Central;25;Beans;Coffee;Decaf Irish Cream;51;180;Wisconsin;70;100;60;170;52;Decaf;Profit;;;-9;Met;Missed;202895;64311
563;15;-2;10/1/2782;848;24;Small Market;Central;4;Beans;Coffee;Amaretto;8;39;Iowa;10;20;10;30;16;Regular;Profit;;;-2;Met;Missed;202895;64311
573;82;-2;10/1/2783;601;102;Small Market;Central;31;Beans;Coffee;Colombian;38;184;Missouri;80;100;40;180;64;Regular;Profit;;;-2;Met;Missed;202895;64311
262;94;-14;10/1/2784;694;130;Small Market;Central;85;Beans;Coffee;Colombian;16;224;Wisconsin;90;130;30;220;114;Regular;Profit;;;-14;Met;Missed;202895;64311
314;54;-29;10/1/2785;885;78;Small Market;Central;15;Beans;Espresso;Caffe Mocha;51;132;Missouri;60;100;80;160;27;Regular;Profit;;;-29;Met;Missed;202895;64311
920;75;-25;10/1/2786;1063;89;Small Market;Central;23;Beans;Espresso;Caffe Mocha;45;164;Wisconsin;90;110;70;200;44;Regular;Profit;;;-25;Met;Missed;202895;64311
712;228;16;10/1/2787;1691;304;Small Market;Central;75;Leaves;Herbal Tea;Chamomile;196;532;Iowa;210;280;180;490;108;Decaf;Profit;;;16;Met;Met;202895;64311
712;113;7;10/1/2788;803;165;Small Market;Central;36;Leaves;Herbal Tea;Lemon;107;278;Iowa;100;150;100;250;58;Decaf;Profit;;;7;Met;Met;202895;64311
712;211;19;10/1/2789;1778;212;Small Market;Central;59;Leaves;Tea;Darjeeling;129;423;Iowa;170;180;110;350;83;Regular;Profit;;;19;Met;Met;202895;64311
319;245;43;10/1/2790;1784;300;Small Market;Central;93;Leaves;Tea;Earl Grey;173;545;Iowa;200;250;130;450;127;Regular;Profit;;;43;Met;Met;202895;64311
720;86;-2;10/1/2791;1003;124;Major Market;Central;24;Beans;Coffee;Decaf Irish Cream;88;210;Colorado;80;120;90;200;36;Decaf;Profit;;;-2;Met;Missed;202895;64311
630;127;-8;10/1/2792;830;185;Major Market;Central;40;Beans;Coffee;Decaf Irish Cream;122;312;Illinois;120;180;130;300;63;Decaf;Profit;;;-8;Met;Missed;202895;64311
970;67;-33;10/1/2793;677;101;Major Market;Central;22;Beans;Espresso;Decaf Espresso;47;168;Colorado;80;130;80;210;54;Decaf;Profit;;;-33;Met;Missed;202895;64311
630;250;-83;10/1/2794;1820;251;Major Market;Central;70;Beans;Espresso;Decaf Espresso;157;501;Illinois;320;320;240;640;94;Decaf;Profit;;;-83;Met;Missed;202895;64311
719;123;4;10/1/2795;959;179;Major Market;Central;34;Beans;Coffee;Amaretto;134;302;Colorado;120;170;130;290;45;Regular;Profit;;;4;Met;Met;202895;64311
847;224;4;10/1/2796;1191;310;Major Market;Central;73;Beans;Coffee;Colombian;194;534;Illinois;220;300;190;520;116;Regular;Profit;;;4;Met;Met;202895;64311
970;54;-37;10/1/2797;601;79;Major Market;Central;15;Beans;Espresso;Caffe Mocha;53;133;Colorado;60;110;90;170;26;Regular;Profit;;;-37;Met;Missed;202895;64311
815;247;-104;10/1/2798;1744;329;Major Market;Central;81;Beans;Espresso;Caffe Mocha;216;576;Illinois;310;420;320;730;113;Regular;Profit;;;-104;Met;Missed;202895;64311
740;153;-53;10/1/2799;1319;153;Major Market;Central;42;Beans;Espresso;Caffe Mocha;87;306;Ohio;190;200;140;390;66;Regular;Profit;;;-53;Met;Missed;202895;64311
303;153;7;10/1/2800;1319;153;Major Market;Central;42;Leaves;Herbal Tea;Chamomile;87;306;Colorado;140;140;80;280;66;Decaf;Profit;;;7;Met;Met;202895;64311
309;123;3;10/1/2801;959;179;Major Market;Central;34;Leaves;Herbal Tea;Chamomile;133;302;Illinois;110;170;130;280;46;Decaf;Profit;;;3;Met;Met;202895;64311
630;86;8;10/1/2802;1003;124;Major Market;Central;24;Leaves;Herbal Tea;Mint;88;210;Illinois;80;110;80;190;36;Decaf;Profit;;;8;Met;Met;202895;64311
513;88;2;10/1/2803;817;133;Major Market;Central;29;Leaves;Tea;Darjeeling;72;221;Ohio;70;110;70;180;61;Regular;Profit;;;2;Met;Met;202895;64311
740;134;31;10/1/2804;690;186;Major Market;Central;41;Leaves;Tea;Earl Grey;121;320;Ohio;110;150;90;260;65;Regular;Profit;;;31;Met;Met;202895;64311
719;81;6;10/1/2805;551;104;Major Market;Central;26;Leaves;Tea;Green Tea;66;185;Colorado;60;90;60;150;38;Regular;Profit;;;6;Met;Met;202895;64311
319;10;-11;10/1/2806;594;14;Small Market;Central;3;Beans;Coffee;Decaf Irish Cream;-1;24;Iowa;0;20;10;20;15;Decaf;Loss;;;-11;Met;Missed;202895;64311
715;83;-13;10/1/2807;575;112;Small Market;Central;27;Beans;Coffee;Decaf Irish Cream;57;195;Wisconsin;80;110;70;190;55;Decaf;Profit;;;-13;Met;Missed;202895;64311
573;68;-14;10/1/2808;619;85;Small Market;Central;25;Beans;Coffee;Colombian;26;153;Missouri;60;90;40;150;59;Regular;Profit;;;-14;Met;Missed;202895;64311
715;105;-10;10/1/2809;716;145;Small Market;Central;95;Beans;Coffee;Colombian;20;250;Wisconsin;100;140;30;240;125;Regular;Profit;;;-10;Met;Missed;202895;64311
314;50;-22;10/1/2810;898;73;Small Market;Central;14;Beans;Espresso;Caffe Mocha;48;123;Missouri;60;90;70;150;25;Regular;Profit;;;-22;Met;Missed;202895;64311
715;80;-30;10/1/2811;1079;96;Small Market;Central;24;Beans;Espresso;Caffe Mocha;50;176;Wisconsin;100;120;80;220;46;Regular;Profit;;;-30;Met;Missed;202895;64311
641;247;16;10/1/2812;1744;329;Small Market;Central;81;Leaves;Herbal Tea;Chamomile;216;576;Iowa;230;300;200;530;113;Decaf;Profit;;;16;Met;Met;202895;64311
319;127;3;10/1/2813;830;185;Small Market;Central;40;Leaves;Herbal Tea;Lemon;123;312;Iowa;120;170;120;290;62;Decaf;Profit;;;3;Met;Met;202895;64311
641;250;36;10/1/2814;1820;251;Small Market;Central;70;Leaves;Tea;Darjeeling;156;501;Iowa;210;200;120;410;95;Regular;Profit;;;36;Met;Met;202895;64311
641;294;46;10/1/2815;1838;360;Small Market;Central;111;Leaves;Tea;Earl Grey;216;654;Iowa;240;300;170;540;144;Regular;Profit;;;46;Met;Met;202895;64311
573;20;-6;10/1/2816;218;25;Small Market;Central;7;Leaves;Tea;Earl Grey;-16;45;Missouri;10;20;-10;30;41;Regular;Loss;;;-6;Met;Missed;202895;64311
719;108;22;10/1/2817;971;157;Major Market;Central;30;Beans;Coffee;Decaf Irish Cream;172;282;Colorado;100;160;150;260;41;Decaf;Profit;;;22;Met;Met;202895;64311
815;122;11;10/1/2818;789;176;Major Market;Central;39;Beans;Coffee;Decaf Irish Cream;171;318;Illinois;110;190;160;300;61;Decaf;Profit;;;11;Met;Met;202895;64311
970;72;-47;10/1/2819;650;110;Major Market;Central;23;Beans;Espresso;Decaf Espresso;83;194;Colorado;100;160;130;260;54;Decaf;Profit;;;-47;Met;Missed;202895;64311
773;239;-79;10/1/2820;1755;239;Major Market;Central;66;Beans;Espresso;Decaf Espresso;221;509;Illinois;340;370;300;710;90;Decaf;Profit;;;-79;Met;Missed;202895;64311
419;54;-52;10/1/2821;404;66;Major Market;Central;20;Beans;Espresso;Decaf Espresso;18;128;Ohio;70;100;70;170;54;Decaf;Profit;;;-52;Met;Missed;202895;64311
719;123;37;10/1/2822;915;179;Major Market;Central;34;Beans;Coffee;Amaretto;197;322;Colorado;120;180;160;300;46;Regular;Profit;;;37;Met;Met;202895;64311
815;154;18;10/1/2823;1132;213;Major Market;Central;50;Beans;Coffee;Colombian;178;391;Illinois;150;220;160;370;93;Regular;Profit;;;18;Met;Met;202895;64311
970;76;-53;10/1/2824;580;111;Major Market;Central;21;Beans;Espresso;Caffe Mocha;117;199;Colorado;100;180;170;280;32;Regular;Profit;;;-53;Met;Missed;202895;64311
312;257;-88;10/1/2825;1662;341;Major Market;Central;84;Beans;Espresso;Caffe Mocha;332;637;Illinois;370;520;420;890;117;Regular;Profit;;;-88;Met;Missed;202895;64311
513;161;-53;10/1/2826;1267;161;Major Market;Central;45;Beans;Espresso;Caffe Mocha;137;343;Ohio;230;240;190;470;69;Regular;Profit;;;-53;Met;Missed;202895;64311
720;161;27;10/1/2827;1267;161;Major Market;Central;45;Leaves;Herbal Tea;Chamomile;137;343;Colorado;120;140;110;260;69;Decaf;Profit;;;27;Met;Met;202895;64311
708;123;57;10/1/2828;915;179;Major Market;Central;34;Leaves;Herbal Tea;Chamomile;197;322;Illinois;90;150;140;240;46;Decaf;Profit;;;57;Met;Met;202895;64311
815;108;52;10/1/2829;971;157;Major Market;Central;30;Leaves;Herbal Tea;Mint;172;282;Illinois;80;130;120;210;41;Decaf;Profit;;;52;Met;Met;202895;64311
419;82;36;10/1/2830;788;123;Major Market;Central;27;Leaves;Tea;Darjeeling;96;218;Ohio;50;90;60;140;58;Regular;Profit;;;36;Met;Met;202895;64311
419;91;33;10/1/2831;656;127;Major Market;Central;28;Leaves;Tea;Earl Grey;113;232;Ohio;50;100;80;150;51;Regular;Profit;;;33;Met;Met;202895;64311
970;90;30;10/1/2832;572;115;Major Market;Central;29;Leaves;Tea;Green Tea;110;218;Colorado;50;90;80;140;41;Regular;Profit;;;30;Met;Met;202895;64311
641;10;-13;10/1/2833;598;13;Small Market;Central;3;Beans;Coffee;Decaf Irish Cream;-3;25;Iowa;0;10;10;10;15;Decaf;Loss;;;-13;Met;Missed;202895;64311
920;86;-9;10/1/2834;547;116;Small Market;Central;28;Beans;Coffee;Decaf Irish Cream;91;215;Wisconsin;80;120;100;200;55;Decaf;Profit;;;-9;Met;Missed;202895;64311
573;79;-18;10/1/2835;593;98;Small Market;Central;30;Beans;Coffee;Colombian;52;189;Missouri;70;100;70;170;63;Regular;Profit;;;-18;Met;Missed;202895;64311
414;96;-33;10/1/2836;683;134;Small Market;Central;87;Beans;Coffee;Colombian;27;245;Wisconsin;90;140;60;230;116;Regular;Profit;;;-33;Met;Missed;202895;64311
573;40;-37;10/1/2837;881;59;Small Market;Central;11;Beans;Espresso;Caffe Mocha;53;106;Missouri;50;90;90;140;23;Regular;Profit;;;-37;Met;Missed;202895;64311
262;80;-49;10/1/2838;1055;94;Small Market;Central;24;Beans;Espresso;Caffe Mocha;71;185;Wisconsin;110;140;120;250;46;Regular;Profit;;;-49;Met;Missed;202895;64311
319;257;122;10/1/2839;1662;341;Small Market;Central;84;Leaves;Herbal Tea;Chamomile;332;637;Iowa;200;280;210;480;117;Decaf;Profit;;;122;Met;Met;202895;64311
515;122;39;10/1/2840;789;176;Small Market;Central;39;Leaves;Herbal Tea;Lemon;169;318;Iowa;90;150;130;240;62;Decaf;Profit;;;39;Met;Met;202895;64311
417;86;-49;10/1/2841;1698;23;Small Market;Central;26;Leaves;Herbal Tea;Lemon;-39;116;Missouri;60;20;10;80;49;Decaf;Loss;;;-49;Met;Missed;202895;64311
515;239;111;10/1/2842;1755;239;Small Market;Central;66;Leaves;Tea;Darjeeling;221;509;Iowa;170;170;110;340;90;Regular;Profit;;;111;Met;Met;202895;64311
515;255;142;10/1/2843;1756;312;Small Market;Central;96;Leaves;Tea;Earl Grey;272;604;Iowa;170;230;130;400;129;Regular;Profit;;;142;Met;Met;202895;64311
573;25;-16;10/1/2844;209;31;Small Market;Central;9;Leaves;Tea;Earl Grey;-16;60;Missouri;10;20;0;30;42;Regular;Loss;;;-16;Met;Missed;202895;64311
720;81;45;10/1/2845;984;117;Major Market;Central;22;Beans;Coffee;Decaf Irish Cream;125;211;Colorado;80;110;80;190;33;Decaf;Profit;;;45;Met;Met;202895;64311
847;113;47;10/1/2846;803;165;Major Market;Central;36;Beans;Coffee;Decaf Irish Cream;157;296;Illinois;110;160;110;270;59;Decaf;Profit;;;47;Met;Met;202895;64311
970;75;-14;10/1/2847;659;114;Major Market;Central;24;Beans;Espresso;Decaf Espresso;86;201;Colorado;90;150;100;240;56;Decaf;Profit;;;-14;Met;Missed;202895;64311
847;211;-9;10/1/2848;1778;212;Major Market;Central;59;Beans;Espresso;Decaf Espresso;191;451;Illinois;270;270;200;540;83;Decaf;Profit;;;-9;Met;Missed;202895;64311
719;118;60;10/1/2849;930;172;Major Market;Central;33;Beans;Coffee;Amaretto;190;309;Colorado;110;170;130;280;44;Regular;Profit;;;60;Met;Met;202895;64311
815;173;66;10/1/2850;1150;239;Major Market;Central;57;Beans;Coffee;Colombian;206;439;Illinois;170;230;140;400;100;Regular;Profit;;;66;Met;Met;202895;64311
303;50;1;10/1/2851;589;73;Major Market;Central;14;Beans;Espresso;Caffe Mocha;71;131;Colorado;60;90;70;150;25;Regular;Profit;;;1;Met;Met;202895;64311
630;228;1;10/1/2852;1691;304;Major Market;Central;75;Beans;Espresso;Caffe Mocha;291;567;Illinois;290;390;290;680;108;Regular;Profit;;;1;Met;Met;202895;64311
234;181;-11;10/1/2853;1283;182;Major Market;Central;50;Beans;Espresso;Caffe Mocha;159;387;Ohio;230;230;170;460;75;Regular;Profit;;;-11;Met;Missed;202895;64311
970;181;59;10/1/2854;1283;182;Major Market;Central;50;Leaves;Herbal Tea;Chamomile;159;387;Colorado;170;160;100;330;75;Decaf;Profit;;;59;Met;Met;202895;64311
708;118;78;10/1/2855;930;172;Major Market;Central;33;Leaves;Herbal Tea;Chamomile;188;309;Illinois;110;150;110;260;45;Decaf;Profit;;;78;Met;Met;202895;64311
708;81;45;10/1/2856;984;117;Major Market;Central;22;Leaves;Herbal Tea;Mint;125;211;Illinois;70;110;80;180;33;Decaf;Profit;;;45;Met;Met;202895;64311
614;78;32;10/1/2857;798;119;Major Market;Central;25;Leaves;Tea;Darjeeling;92;210;Ohio;60;100;60;160;57;Regular;Profit;;;32;Met;Met;202895;64311
309;75;38;10/1/2858;659;114;Major Market;Central;24;Leaves;Tea;Earl Grey;88;201;Illinois;60;90;50;150;55;Regular;Profit;;;38;Met;Met;202895;64311
740;102;62;10/1/2859;666;143;Major Market;Central;31;Leaves;Tea;Earl Grey;132;261;Ohio;80;120;70;200;54;Regular;Profit;;;62;Met;Met;202895;64311
970;88;44;10/1/2860;561;112;Major Market;Central;29;Leaves;Tea;Green Tea;104;213;Colorado;70;90;60;160;42;Regular;Profit;;;44;Met;Met;202895;64311
319;10;-14;10/1/2861;596;13;Small Market;Central;3;Beans;Coffee;Decaf Irish Cream;-4;25;Iowa;0;20;10;20;16;Decaf;Loss;;;-14;Met;Missed;202895;64311
920;77;16;10/1/2862;557;103;Small Market;Central;25;Beans;Coffee;Decaf Irish Cream;76;192;Wisconsin;70;100;60;170;52;Decaf;Profit;;;16;Met;Met;202895;64311
712;15;2;10/1/2863;848;24;Small Market;Central;4;Beans;Coffee;Amaretto;12;42;Iowa;10;20;10;30;16;Regular;Profit;;;2;Met;Met;202895;64311
573;82;16;10/1/2864;601;102;Small Market;Central;31;Beans;Coffee;Colombian;56;196;Missouri;80;100;40;180;64;Regular;Profit;;;16;Met;Met;202895;64311
608;94;-6;10/1/2865;694;130;Small Market;Central;85;Beans;Coffee;Colombian;24;239;Wisconsin;90;130;30;220;114;Regular;Profit;;;-6;Met;Missed;202895;64311
573;54;-4;10/1/2866;885;78;Small Market;Central;15;Beans;Espresso;Caffe Mocha;76;141;Missouri;60;100;80;160;27;Regular;Profit;;;-4;Met;Missed;202895;64311
715;75;-3;10/1/2867;1063;89;Small Market;Central;23;Beans;Espresso;Caffe Mocha;67;175;Wisconsin;90;110;70;200;44;Regular;Profit;;;-3;Met;Missed;202895;64311
641;228;111;10/1/2868;1691;304;Small Market;Central;75;Leaves;Herbal Tea;Chamomile;291;567;Iowa;210;280;180;490;108;Decaf;Profit;;;111;Met;Met;202895;64311
641;113;59;10/1/2869;803;165;Small Market;Central;36;Leaves;Herbal Tea;Lemon;159;296;Iowa;100;150;100;250;58;Decaf;Profit;;;59;Met;Met;202895;64311
563;211;81;10/1/2870;1778;212;Small Market;Central;59;Leaves;Tea;Darjeeling;191;451;Iowa;170;180;110;350;83;Regular;Profit;;;81;Met;Met;202895;64311
641;245;127;10/1/2871;1784;300;Small Market;Central;93;Leaves;Tea;Earl Grey;257;581;Iowa;200;250;130;450;127;Regular;Profit;;;127;Met;Met;202895;64311
720;86;41;10/1/2872;1003;124;Major Market;Central;24;Beans;Coffee;Decaf Irish Cream;131;224;Colorado;80;120;90;200;36;Decaf;Profit;;;41;Met;Met;202895;64311
312;127;51;10/1/2873;830;185;Major Market;Central;40;Beans;Coffee;Decaf Irish Cream;181;332;Illinois;120;180;130;300;63;Decaf;Profit;;;51;Met;Met;202895;64311
720;67;-10;10/1/2874;677;101;Major Market;Central;22;Beans;Espresso;Decaf Espresso;70;179;Colorado;80;130;80;210;54;Decaf;Profit;;;-10;Met;Missed;202895;64311
773;250;-7;10/1/2875;1820;251;Major Market;Central;70;Beans;Espresso;Decaf Espresso;233;534;Illinois;320;320;240;640;94;Decaf;Profit;;;-7;Met;Missed;202895;64311
303;123;69;10/1/2876;959;179;Major Market;Central;34;Beans;Coffee;Amaretto;199;322;Colorado;120;170;130;290;45;Regular;Profit;;;69;Met;Met;202895;64311
312;224;98;10/1/2877;1191;310;Major Market;Central;73;Beans;Coffee;Colombian;288;569;Illinois;220;300;190;520;116;Regular;Profit;;;98;Met;Met;202895;64311
970;54;-11;10/1/2878;601;79;Major Market;Central;15;Beans;Espresso;Caffe Mocha;79;142;Colorado;60;110;90;170;26;Regular;Profit;;;-11;Met;Missed;202895;64311
708;247;1;10/1/2879;1744;329;Major Market;Central;81;Beans;Espresso;Caffe Mocha;321;614;Illinois;310;420;320;730;113;Regular;Profit;;;1;Met;Met;202895;64311
937;153;-11;10/1/2880;1319;153;Major Market;Central;42;Beans;Espresso;Caffe Mocha;129;326;Ohio;190;200;140;390;66;Regular;Profit;;;-11;Met;Missed;202895;64311
970;153;49;10/1/2881;1319;153;Major Market;Central;42;Leaves;Herbal Tea;Chamomile;129;326;Colorado;140;140;80;280;66;Decaf;Profit;;;49;Met;Met;202895;64311
618;123;67;10/1/2882;959;179;Major Market;Central;34;Leaves;Herbal Tea;Chamomile;197;322;Illinois;110;170;130;280;46;Decaf;Profit;;;67;Met;Met;202895;64311
312;86;51;10/1/2883;1003;124;Major Market;Central;24;Leaves;Herbal Tea;Mint;131;224;Illinois;80;110;80;190;36;Decaf;Profit;;;51;Met;Met;202895;64311
513;88;37;10/1/2884;817;133;Major Market;Central;29;Leaves;Tea;Darjeeling;107;236;Ohio;70;110;70;180;61;Regular;Profit;;;37;Met;Met;202895;64311
513;134;90;10/1/2885;690;186;Major Market;Central;41;Leaves;Tea;Earl Grey;180;341;Ohio;110;150;90;260;65;Regular;Profit;;;90;Met;Met;202895;64311
719;81;38;10/1/2886;551;104;Major Market;Central;26;Leaves;Tea;Green Tea;98;197;Colorado;60;90;60;150;38;Regular;Profit;;;38;Met;Met;202895;64311
712;10;-11;10/1/2887;594;14;Small Market;Central;3;Beans;Coffee;Decaf Irish Cream;-1;26;Iowa;0;20;10;20;15;Decaf;Loss;;;-11;Met;Missed;202895;64311
414;83;15;10/1/2888;575;112;Small Market;Central;27;Beans;Coffee;Decaf Irish Cream;85;208;Wisconsin;80;110;70;190;55;Decaf;Profit;;;15;Met;Met;202895;64311
573;68;-1;10/1/2889;619;85;Small Market;Central;25;Beans;Coffee;Colombian;39;163;Missouri;60;90;40;150;59;Regular;Profit;;;-1;Met;Missed;202895;64311
262;105;0;10/1/2890;716;145;Small Market;Central;95;Beans;Coffee;Colombian;30;266;Wisconsin;100;140;30;240;125;Regular;Profit;;;0;Met;Met;202895;64311
573;50;1;10/1/2891;898;73;Small Market;Central;14;Beans;Espresso;Caffe Mocha;71;131;Missouri;60;90;70;150;25;Regular;Profit;;;1;Met;Met;202895;64311
262;80;-6;10/1/2892;1079;96;Small Market;Central;24;Beans;Espresso;Caffe Mocha;74;188;Wisconsin;100;120;80;220;46;Regular;Profit;;;-6;Met;Missed;202895;64311
515;247;121;10/1/2893;1744;329;Small Market;Central;81;Leaves;Herbal Tea;Chamomile;321;614;Iowa;230;300;200;530;113;Decaf;Profit;;;121;Met;Met;202895;64311
515;127;63;10/1/2894;830;185;Small Market;Central;40;Leaves;Herbal Tea;Lemon;183;332;Iowa;120;170;120;290;62;Decaf;Profit;;;63;Met;Met;202895;64311
641;250;112;10/1/2895;1820;251;Small Market;Central;70;Leaves;Tea;Darjeeling;232;534;Iowa;210;200;120;410;95;Regular;Profit;;;112;Met;Met;202895;64311
563;294;151;10/1/2896;1838;360;Small Market;Central;111;Leaves;Tea;Earl Grey;321;697;Iowa;240;300;170;540;144;Regular;Profit;;;151;Met;Met;202895;64311
816;20;-14;10/1/2897;218;25;Small Market;Central;7;Leaves;Tea;Earl Grey;-24;48;Missouri;10;20;-10;30;41;Regular;Loss;;;-14;Met;Missed;202895;64311
951;154;-17;10/1/2898;3654;-24;Major Market;West;50;Beans;Coffee;Decaf Irish Cream;-117;130;California;220;-30;-100;190;93;Decaf;Loss;;;-17;Met;Missed;202895;64311
714;257;-15;10/1/2899;1662;341;Major Market;West;84;Beans;Espresso;Decaf Espresso;225;598;California;230;320;240;550;116;Decaf;Profit;;;-15;Met;Missed;202895;64311
818;122;-14;10/1/2900;2555;-13;Major Market;West;39;Beans;Coffee;Amaretto;-74;109;California;170;-20;-60;150;61;Regular;Loss;;;-14;Met;Missed;202895;64311
626;260;-223;10/1/2901;2548;390;Major Market;West;91;Beans;Coffee;Colombian;247;650;California;380;580;470;960;143;Regular;Profit;;;-223;Met;Missed;202895;64311
562;239;-11;10/1/2902;1755;239;Major Market;West;66;Beans;Espresso;Caffe Latte;149;478;California;210;220;160;430;90;Regular;Profit;;;-11;Met;Missed;202895;64311
562;125;-23;10/1/2903;898;173;Major Market;West;113;Beans;Espresso;Caffe Mocha;27;298;California;110;160;50;270;146;Regular;Profit;;;-23;Met;Missed;202895;64311
661;108;-5;10/1/2904;971;157;Major Market;West;30;Leaves;Herbal Tea;Chamomile;115;265;California;80;130;120;210;42;Decaf;Profit;;;-5;Met;Missed;202895;64311
562;239;16;10/1/2905;1246;281;Major Market;West;74;Leaves;Herbal Tea;Lemon;186;520;California;190;220;170;410;95;Decaf;Profit;;;16;Met;Met;202895;64311
562;123;54;10/1/2906;915;179;Major Market;West;34;Leaves;Tea;Darjeeling;134;302;California;50;90;80;140;45;Regular;Profit;;;54;Met;Met;202895;64311
971;43;-51;10/1/2907;419;64;Small Market;West;13;Beans;Coffee;Decaf Irish Cream;29;107;Oregon;50;100;80;150;35;Decaf;Profit;;;-51;Met;Missed;202895;64311
435;79;-86;10/1/2908;593;98;Small Market;West;30;Beans;Coffee;Decaf Irish Cream;34;177;Utah;100;160;120;260;64;Decaf;Profit;;;-86;Met;Missed;202895;64311
425;96;-83;10/1/2909;683;134;Small Market;West;87;Beans;Coffee;Decaf Irish Cream;17;230;Washington;140;190;100;330;117;Decaf;Profit;;;-83;Met;Missed;202895;64311
503;161;-19;10/1/2910;1267;161;Small Market;West;45;Beans;Espresso;Decaf Espresso;91;322;Oregon;140;150;110;290;70;Decaf;Profit;;;-19;Met;Missed;202895;64311
253;80;-32;10/1/2911;1055;94;Small Market;West;24;Beans;Espresso;Decaf Espresso;48;174;Washington;60;90;80;150;46;Decaf;Profit;;;-32;Met;Missed;202895;64311
971;51;-55;10/1/2912;503;71;Small Market;West;46;Beans;Coffee;Amaretto;-5;122;Oregon;70;100;50;170;76;Regular;Loss;;;-55;Met;Missed;202895;64311
435;65;-54;10/1/2913;1053;77;Small Market;West;20;Beans;Coffee;Amaretto;36;142;Utah;90;110;90;200;41;Regular;Profit;;;-54;Met;Missed;202895;64311
971;60;-69;10/1/2914;463;84;Small Market;West;19;Beans;Coffee;Colombian;21;144;Oregon;80;130;90;210;63;Regular;Profit;;;-69;Met;Missed;202895;64311
435;47;-58;10/1/2915;375;64;Small Market;West;15;Beans;Coffee;Colombian;22;111;Utah;50;100;80;150;42;Regular;Profit;;;-58;Met;Missed;202895;64311
206;68;-54;10/1/2916;438;99;Small Market;West;21;Beans;Coffee;Colombian;56;167;Washington;90;140;110;230;43;Regular;Profit;;;-54;Met;Missed;202895;64311
206;22;-10;10/1/2917;573;29;Small Market;West;7;Beans;Espresso;Caffe Latte;10;51;Washington;10;20;20;30;19;Regular;Profit;;;-10;Met;Missed;202895;64311
702;21;-6;10/1/2918;846;31;Small Market;West;5;Beans;Espresso;Caffe Mocha;14;52;Nevada;10;20;20;30;17;Regular;Profit;;;-6;Met;Missed;202895;64311
801;103;-23;10/1/2919;564;133;Small Market;West;33;Beans;Espresso;Caffe Mocha;87;236;Utah;80;130;110;210;46;Regular;Profit;;;-23;Met;Missed;202895;64311
775;125;-34;10/1/2920;898;173;Small Market;West;113;Leaves;Herbal Tea;Chamomile;26;298;Nevada;90;150;60;240;147;Decaf;Profit;;;-34;Met;Missed;202895;64311
206;125;-15;10/1/2921;1119;188;Small Market;West;41;Leaves;Herbal Tea;Chamomile;115;313;Washington;90;160;130;250;73;Decaf;Profit;;;-15;Met;Missed;202895;64311
702;154;0;10/1/2922;1132;213;Small Market;West;50;Leaves;Herbal Tea;Lemon;120;367;Nevada;120;170;120;290;93;Decaf;Profit;;;0;Met;Met;202895;64311
971;90;-17;10/1/2923;572;115;Small Market;West;29;Leaves;Herbal Tea;Lemon;73;205;Oregon;60;100;90;160;42;Decaf;Profit;;;-17;Met;Missed;202895;64311
702;122;-16;10/1/2924;789;176;Small Market;West;39;Leaves;Herbal Tea;Mint;114;298;Nevada;90;150;130;240;62;Decaf;Profit;;;-16;Met;Missed;202895;64311
435;86;-27;10/1/2925;1698;23;Small Market;West;26;Leaves;Herbal Tea;Mint;-27;109;Utah;60;20;0;80;50;Decaf;Loss;;;-27;Met;Missed;202895;64311
702;257;94;10/1/2926;1662;341;Small Market;West;84;Leaves;Tea;Darjeeling;224;598;Nevada;110;180;130;290;117;Regular;Profit;;;94;Met;Met;202895;64311
541;21;-4;10/1/2927;480;32;Small Market;West;5;Leaves;Tea;Darjeeling;16;53;Oregon;0;20;20;20;16;Regular;Profit;;;-4;Met;Missed;202895;64311
775;239;69;10/1/2928;1755;239;Small Market;West;66;Leaves;Tea;Earl Grey;149;478;Nevada;110;120;80;230;90;Regular;Profit;;;69;Met;Met;202895;64311
702;255;-193;10/1/2929;7058;-255;Small Market;West;96;Leaves;Tea;Green Tea;-363;21;Nevada;110;-110;-170;0;129;Regular;Loss;;;-193;Met;Missed;202895;64311
435;25;-22;10/1/2930;209;31;Small Market;West;9;Leaves;Tea;Green Tea;-12;56;Utah;0;20;10;20;43;Regular;Loss;;;-22;Met;Missed;202895;64311
909;173;3;10/1/2931;3909;-27;Major Market;West;57;Beans;Coffee;Decaf Irish Cream;-127;146;California;200;-30;-130;170;100;Decaf;Loss;;;3;Met;Met;202895;64311
707;228;7;10/1/2932;1691;304;Major Market;West;75;Beans;Espresso;Decaf Espresso;197;532;California;220;290;190;510;107;Decaf;Profit;;;7;Met;Met;202895;64311
619;113;-6;10/1/2933;2758;3;Major Market;West;36;Beans;Coffee;Amaretto;-56;116;California;130;0;-50;130;59;Regular;Loss;;;-6;Met;Missed;202895;64311
951;249;-75;10/1/2934;2580;374;Major Market;West;87;Beans;Coffee;Colombian;235;623;California;290;450;310;740;139;Regular;Profit;;;-75;Met;Missed;202895;64311
559;211;-11;10/1/2935;1778;212;Major Market;West;59;Beans;Espresso;Caffe Latte;129;423;California;200;210;140;410;83;Regular;Profit;;;-11;Met;Missed;202895;64311
818;121;-14;10/1/2936;912;168;Major Market;West;109;Beans;Espresso;Caffe Mocha;26;289;California;110;170;40;280;142;Regular;Profit;;;-14;Met;Missed;202895;64311
213;81;4;10/1/2937;984;117;Major Market;West;22;Leaves;Herbal Tea;Chamomile;84;198;California;70;110;80;180;33;Decaf;Profit;;;4;Met;Met;202895;64311
213;225;14;10/1/2938;1272;265;Major Market;West;69;Leaves;Herbal Tea;Lemon;174;490;California;210;240;160;450;91;Decaf;Profit;;;14;Met;Met;202895;64311
213;118;18;10/1/2939;930;172;Major Market;West;33;Leaves;Tea;Darjeeling;128;290;California;80;130;110;210;44;Regular;Profit;;;18;Met;Met;202895;64311
801;82;-22;10/1/2940;601;102;Small Market;West;31;Beans;Coffee;Decaf Irish Cream;38;184;Utah;90;120;60;210;64;Decaf;Profit;;;-22;Met;Missed;202895;64311
253;94;-24;10/1/2941;694;130;Small Market;West;85;Beans;Coffee;Decaf Irish Cream;16;224;Washington;110;150;40;260;114;Decaf;Profit;;;-24;Met;Missed;202895;64311
503;181;-12;10/1/2942;1283;182;Small Market;West;50;Beans;Espresso;Decaf Espresso;108;363;Oregon;170;180;120;350;74;Decaf;Profit;;;-12;Met;Missed;202895;64311
801;69;-11;10/1/2943;1060;81;Small Market;West;21;Beans;Coffee;Amaretto;39;150;Utah;80;90;50;170;42;Regular;Profit;;;-11;Met;Missed;202895;64311
971;53;-26;10/1/2944;470;75;Small Market;West;17;Beans;Coffee;Colombian;14;128;Oregon;60;90;40;150;61;Regular;Profit;;;-26;Met;Missed;202895;64311
425;63;-20;10/1/2945;446;93;Small Market;West;20;Beans;Coffee;Colombian;50;156;Washington;70;110;70;180;43;Regular;Profit;;;-20;Met;Missed;202895;64311
775;15;-1;10/1/2946;848;24;Small Market;West;4;Beans;Espresso;Caffe Mocha;9;39;Nevada;10;20;10;30;15;Regular;Profit;;;-1;Met;Missed;202895;64311
435;101;-5;10/1/2947;552;130;Small Market;West;33;Beans;Espresso;Caffe Mocha;85;231;Utah;90;130;90;220;45;Regular;Profit;;;-5;Met;Missed;202895;64311
775;121;6;10/1/2948;912;168;Small Market;West;109;Leaves;Herbal Tea;Chamomile;26;289;Nevada;110;150;20;260;142;Decaf;Profit;;;6;Met;Met;202895;64311
206;130;2;10/1/2949;1134;195;Small Market;West;42;Leaves;Herbal Tea;Chamomile;122;325;Washington;120;180;120;300;73;Decaf;Profit;;;2;Met;Met;202895;64311
702;173;8;10/1/2950;1150;239;Small Market;West;57;Leaves;Herbal Tea;Lemon;138;412;Nevada;160;220;130;380;101;Decaf;Profit;;;8;Met;Met;202895;64311
971;88;0;10/1/2951;561;112;Small Market;West;29;Leaves;Herbal Tea;Lemon;70;200;Oregon;80;100;70;180;42;Decaf;Profit;;;0;Met;Met;202895;64311
702;113;7;10/1/2952;803;165;Small Market;West;36;Leaves;Herbal Tea;Mint;107;278;Nevada;100;150;100;250;58;Decaf;Profit;;;7;Met;Met;202895;64311
702;228;56;10/1/2953;1691;304;Small Market;West;75;Leaves;Tea;Darjeeling;196;532;Nevada;160;220;140;380;108;Regular;Profit;;;56;Met;Met;202895;64311
702;211;48;10/1/2954;1778;212;Small Market;West;59;Leaves;Tea;Earl Grey;128;423;Nevada;150;150;80;300;84;Regular;Profit;;;48;Met;Met;202895;64311
971;78;12;10/1/2955;798;119;Small Market;West;25;Leaves;Tea;Earl Grey;62;197;Oregon;50;90;50;140;57;Regular;Profit;;;12;Met;Met;202895;64311
702;245;-60;10/1/2956;7653;-245;Small Market;West;93;Leaves;Tea;Green Tea;-340;32;Nevada;180;-180;-280;0;127;Regular;Loss;;;-60;Met;Missed;202895;64311
971;102;19;10/1/2957;666;143;Small Market;West;31;Leaves;Tea;Green Tea;89;245;Oregon;70;100;70;170;54;Regular;Profit;;;19;Met;Met;202895;64311
714;224;1;10/1/2958;4216;-32;Major Market;West;73;Beans;Coffee;Decaf Irish Cream;-149;192;California;260;-40;-150;220;117;Decaf;Loss;;;1;Met;Met;202895;64311
209;247;6;10/1/2959;1744;329;Major Market;West;81;Beans;Espresso;Decaf Espresso;216;576;California;240;310;210;550;113;Decaf;Profit;;;6;Met;Met;202895;64311
951;127;2;10/1/2960;2947;-25;Major Market;West;40;Beans;Coffee;Amaretto;-88;102;California;150;-30;-90;120;63;Regular;Loss;;;2;Met;Met;202895;64311
707;279;-79;10/1/2961;2642;420;Major Market;West;97;Beans;Coffee;Colombian;271;699;California;330;500;350;830;149;Regular;Profit;;;-79;Met;Missed;202895;64311
916;250;-3;10/1/2962;1820;251;Major Market;West;70;Beans;Espresso;Caffe Latte;157;501;California;240;240;160;480;94;Regular;Profit;;;-3;Met;Missed;202895;64311
530;135;-9;10/1/2963;940;187;Major Market;West;122;Beans;Espresso;Caffe Mocha;31;322;California;130;180;40;310;156;Regular;Profit;;;-9;Met;Missed;202895;64311
626;86;9;10/1/2964;1003;124;Major Market;West;24;Leaves;Herbal Tea;Chamomile;89;210;California;80;110;80;190;35;Decaf;Profit;;;9;Met;Met;202895;64311
415;241;18;10/1/2965;1321;284;Major Market;West;74;Leaves;Herbal Tea;Lemon;188;525;California;220;260;170;480;96;Decaf;Profit;;;18;Met;Met;202895;64311
916;123;24;10/1/2966;959;179;Major Market;West;34;Leaves;Tea;Darjeeling;134;302;California;90;130;110;220;45;Regular;Profit;;;24;Met;Met;202895;64311
435;68;-24;10/1/2967;619;85;Small Market;West;25;Beans;Coffee;Decaf Irish Cream;26;153;Utah;80;100;50;180;59;Decaf;Profit;;;-24;Met;Missed;202895;64311
509;105;-30;10/1/2968;716;145;Small Market;West;95;Beans;Coffee;Decaf Irish Cream;20;250;Washington;120;170;50;290;125;Decaf;Profit;;;-30;Met;Missed;202895;64311
971;153;7;10/1/2969;1319;153;Small Market;West;42;Beans;Espresso;Decaf Espresso;87;306;Oregon;150;140;80;290;66;Decaf;Profit;;;7;Met;Met;202895;64311
253;80;-9;10/1/2970;1079;96;Small Market;West;24;Beans;Espresso;Decaf Espresso;51;176;Washington;70;100;60;170;45;Decaf;Profit;;;-9;Met;Missed;202895;64311
435;63;-14;10/1/2971;1075;76;Small Market;West;19;Beans;Coffee;Amaretto;36;139;Utah;70;90;50;160;40;Regular;Profit;;;-14;Met;Missed;202895;64311
253;72;-22;10/1/2972;461;104;Small Market;West;23;Beans;Coffee;Colombian;58;176;Washington;80;120;80;200;46;Regular;Profit;;;-22;Met;Missed;202895;64311
775;16;0;10/1/2973;851;25;Small Market;West;4;Beans;Espresso;Caffe Mocha;10;41;Nevada;10;20;10;30;15;Regular;Profit;;;0;Met;Met;202895;64311
435;94;7;10/1/2974;540;120;Small Market;West;31;Beans;Espresso;Caffe Mocha;77;214;Utah;90;110;70;200;43;Regular;Profit;;;7;Met;Met;202895;64311
702;135;2;10/1/2975;940;187;Small Market;West;122;Leaves;Herbal Tea;Chamomile;32;322;Nevada;120;170;30;290;155;Decaf;Profit;;;2;Met;Met;202895;64311
509;115;-5;10/1/2976;1166;174;Small Market;West;37;Leaves;Herbal Tea;Chamomile;105;289;Washington;100;160;110;260;69;Decaf;Profit;;;-5;Met;Missed;202895;64311
775;224;24;10/1/2977;1191;310;Small Market;West;73;Leaves;Herbal Tea;Lemon;194;534;Nevada;210;280;170;490;116;Decaf;Profit;;;24;Met;Met;202895;64311
541;81;-4;10/1/2978;551;104;Small Market;West;26;Leaves;Herbal Tea;Lemon;66;185;Oregon;70;100;70;170;38;Decaf;Profit;;;-4;Met;Missed;202895;64311
775;127;2;10/1/2979;830;185;Small Market;West;40;Leaves;Herbal Tea;Mint;122;312;Nevada;120;170;120;290;63;Decaf;Profit;;;2;Met;Met;202895;64311
702;247;65;10/1/2980;1744;329;Small Market;West;81;Leaves;Tea;Darjeeling;215;576;Nevada;180;240;150;420;114;Regular;Profit;;;65;Met;Met;202895;64311
702;250;57;10/1/2981;1820;251;Small Market;West;70;Leaves;Tea;Earl Grey;157;501;Nevada;180;180;100;360;94;Regular;Profit;;;57;Met;Met;202895;64311
971;88;13;10/1/2982;817;133;Small Market;West;29;Leaves;Tea;Earl Grey;73;221;Oregon;60;100;60;160;60;Regular;Profit;;;13;Met;Met;202895;64311
775;294;-88;10/1/2983;8252;-294;Small Market;West;111;Leaves;Tea;Green Tea;-408;31;Nevada;210;-210;-320;0;145;Regular;Loss;;;-88;Met;Missed;202895;64311
503;134;21;10/1/2984;690;186;Small Market;West;41;Leaves;Tea;Green Tea;121;320;Oregon;90;140;100;230;65;Regular;Profit;;;21;Met;Met;202895;64311
435;20;-15;10/1/2985;218;25;Small Market;West;7;Leaves;Tea;Green Tea;-15;45;Utah;10;20;0;30;40;Regular;Loss;;;-15;Met;Missed;202895;64311
650;154;-74;10/1/2986;3654;-24;Major Market;West;50;Beans;Coffee;Decaf Irish Cream;-174;139;California;220;-30;-100;190;93;Decaf;Loss;;;-74;Met;Missed;202895;64311
415;257;94;10/1/2987;1662;341;Major Market;West;84;Beans;Espresso;Decaf Espresso;334;637;California;230;320;240;550;116;Decaf;Profit;;;94;Met;Met;202895;64311
909;122;-50;10/1/2988;2555;-13;Major Market;West;39;Beans;Coffee;Amaretto;-110;116;California;170;-20;-60;150;61;Regular;Loss;;;-50;Met;Missed;202895;64311
818;260;-103;10/1/2989;2548;390;Major Market;West;91;Beans;Coffee;Colombian;367;693;California;380;580;470;960;143;Regular;Profit;;;-103;Met;Missed;202895;64311
714;239;61;10/1/2990;1755;239;Major Market;West;66;Beans;Espresso;Caffe Latte;221;509;California;210;220;160;430;90;Regular;Profit;;;61;Met;Met;202895;64311
805;125;-10;10/1/2991;898;173;Major Market;West;113;Beans;Espresso;Caffe Mocha;40;318;California;110;160;50;270;146;Regular;Profit;;;-10;Met;Missed;202895;64311
925;108;51;10/1/2992;971;157;Major Market;West;30;Leaves;Herbal Tea;Chamomile;171;282;California;80;130;120;210;42;Decaf;Profit;;;51;Met;Met;202895;64311
951;239;106;10/1/2993;1246;281;Major Market;West;74;Leaves;Herbal Tea;Lemon;276;554;California;190;220;170;410;95;Decaf;Profit;;;106;Met;Met;202895;64311
831;123;119;10/1/2994;915;179;Major Market;West;34;Leaves;Tea;Darjeeling;199;322;California;50;90;80;140;45;Regular;Profit;;;119;Met;Met;202895;64311
971;43;-37;10/1/2995;419;64;Small Market;West;13;Beans;Coffee;Decaf Irish Cream;43;114;Oregon;50;100;80;150;35;Decaf;Profit;;;-37;Met;Missed;202895;64311
435;79;-70;10/1/2996;593;98;Small Market;West;30;Beans;Coffee;Decaf Irish Cream;50;189;Utah;100;160;120;260;64;Decaf;Profit;;;-70;Met;Missed;202895;64311
206;96;-75;10/1/2997;683;134;Small Market;West;87;Beans;Coffee;Decaf Irish Cream;25;245;Washington;140;190;100;330;117;Decaf;Profit;;;-75;Met;Missed;202895;64311
503;161;25;10/1/2998;1267;161;Small Market;West;45;Beans;Espresso;Decaf Espresso;135;343;Oregon;140;150;110;290;70;Decaf;Profit;;;25;Met;Met;202895;64311
360;80;-9;10/1/2999;1055;94;Small Market;West;24;Beans;Espresso;Decaf Espresso;71;185;Washington;60;90;80;150;46;Decaf;Profit;;;-9;Met;Missed;202895;64311
503;51;-57;10/1/3000;503;71;Small Market;West;46;Beans;Coffee;Amaretto;-7;130;Oregon;70;100;50;170;76;Regular;Loss;;;-57;Met;Missed;202895;64311
435;65;-37;10/1/3001;1053;77;Small Market;West;20;Beans;Coffee;Amaretto;53;151;Utah;90;110;90;200;41;Regular;Profit;;;-37;Met;Missed;202895;64311
503;60;-59;10/1/3002;463;84;Small Market;West;19;Beans;Coffee;Colombian;31;153;Oregon;80;130;90;210;63;Regular;Profit;;;-59;Met;Missed;202895;64311
435;47;-47;10/1/3003;375;64;Small Market;West;15;Beans;Coffee;Colombian;33;118;Utah;50;100;80;150;42;Regular;Profit;;;-47;Met;Missed;202895;64311
360;68;-27;10/1/3004;438;99;Small Market;West;21;Beans;Coffee;Colombian;83;178;Washington;90;140;110;230;43;Regular;Profit;;;-27;Met;Missed;202895;64311
206;22;-5;10/1/3005;573;29;Small Market;West;7;Beans;Espresso;Caffe Latte;15;54;Washington;10;20;20;30;19;Regular;Profit;;;-5;Met;Missed;202895;64311
775;21;1;10/1/3006;846;31;Small Market;West;5;Beans;Espresso;Caffe Mocha;21;55;Nevada;10;20;20;30;17;Regular;Profit;;;1;Met;Met;202895;64311
435;103;19;10/1/3007;564;133;Small Market;West;33;Beans;Espresso;Caffe Mocha;129;251;Utah;80;130;110;210;46;Regular;Profit;;;19;Met;Met;202895;64311
702;125;-21;10/1/3008;898;173;Small Market;West;113;Leaves;Herbal Tea;Chamomile;39;318;Nevada;90;150;60;240;147;Decaf;Profit;;;-21;Met;Missed;202895;64311
360;125;41;10/1/3009;1119;188;Small Market;West;41;Leaves;Herbal Tea;Chamomile;171;334;Washington;90;160;130;250;73;Decaf;Profit;;;41;Met;Met;202895;64311
775;154;58;10/1/3010;1132;213;Small Market;West;50;Leaves;Herbal Tea;Lemon;178;391;Nevada;120;170;120;290;93;Decaf;Profit;;;58;Met;Met;202895;64311
541;90;18;10/1/3011;572;115;Small Market;West;29;Leaves;Herbal Tea;Lemon;108;218;Oregon;60;100;90;160;42;Decaf;Profit;;;18;Met;Met;202895;64311
775;122;39;10/1/3012;789;176;Small Market;West;39;Leaves;Herbal Tea;Mint;169;318;Nevada;90;150;130;240;62;Decaf;Profit;;;39;Met;Met;202895;64311
435;86;-40;10/1/3013;1698;23;Small Market;West;26;Leaves;Herbal Tea;Mint;-40;116;Utah;60;20;0;80;50;Decaf;Loss;;;-40;Met;Missed;202895;64311
775;257;202;10/1/3014;1662;341;Small Market;West;84;Leaves;Tea;Darjeeling;332;637;Nevada;110;180;130;290;117;Regular;Profit;;;202;Met;Met;202895;64311
971;21;4;10/1/3015;480;32;Small Market;West;5;Leaves;Tea;Darjeeling;24;56;Oregon;0;20;20;20;16;Regular;Profit;;;4;Met;Met;202895;64311
775;239;141;10/1/3016;1755;239;Small Market;West;66;Leaves;Tea;Earl Grey;221;509;Nevada;110;120;80;230;90;Regular;Profit;;;141;Met;Met;202895;64311
702;255;-369;10/1/3017;7058;-255;Small Market;West;96;Leaves;Tea;Green Tea;-539;22;Nevada;110;-110;-170;0;129;Regular;Loss;;;-369;Met;Missed;202895;64311
435;25;-28;10/1/3018;209;31;Small Market;West;9;Leaves;Tea;Green Tea;-18;60;Utah;0;20;10;20;43;Regular;Loss;;;-28;Met;Missed;202895;64311
626;173;-58;10/1/3019;3909;-27;Major Market;West;57;Beans;Coffee;Decaf Irish Cream;-188;156;California;200;-30;-130;170;100;Decaf;Loss;;;-58;Met;Missed;202895;64311
213;228;102;10/1/3020;1691;304;Major Market;West;75;Beans;Espresso;Decaf Espresso;292;567;California;220;290;190;510;107;Decaf;Profit;;;102;Met;Met;202895;64311
916;113;-33;10/1/3021;2758;3;Major Market;West;36;Beans;Coffee;Amaretto;-83;124;California;130;0;-50;130;59;Regular;Loss;;;-33;Met;Missed;202895;64311
213;249;39;10/1/3022;2580;374;Major Market;West;87;Beans;Coffee;Colombian;349;664;California;290;450;310;740;139;Regular;Profit;;;39;Met;Met;202895;64311
951;211;51;10/1/3023;1778;212;Major Market;West;59;Beans;Espresso;Caffe Latte;191;451;California;200;210;140;410;83;Regular;Profit;;;51;Met;Met;202895;64311
916;121;-1;10/1/3024;912;168;Major Market;West;109;Beans;Espresso;Caffe Mocha;39;308;California;110;170;40;280;142;Regular;Profit;;;-1;Met;Missed;202895;64311
760;81;45;10/1/3025;984;117;Major Market;West;22;Leaves;Herbal Tea;Chamomile;125;211;California;70;110;80;180;33;Decaf;Profit;;;45;Met;Met;202895;64311
510;225;98;10/1/3026;1272;265;Major Market;West;69;Leaves;Herbal Tea;Lemon;258;522;California;210;240;160;450;91;Decaf;Profit;;;98;Met;Met;202895;64311
805;118;80;10/1/3027;930;172;Major Market;West;33;Leaves;Tea;Darjeeling;190;309;California;80;130;110;210;44;Regular;Profit;;;80;Met;Met;202895;64311
435;82;-4;10/1/3028;601;102;Small Market;West;31;Beans;Coffee;Decaf Irish Cream;56;196;Utah;90;120;60;210;64;Decaf;Profit;;;-4;Met;Missed;202895;64311
509;94;-16;10/1/3029;694;130;Small Market;West;85;Beans;Coffee;Decaf Irish Cream;24;239;Washington;110;150;40;260;114;Decaf;Profit;;;-16;Met;Missed;202895;64311
971;181;40;10/1/3030;1283;182;Small Market;West;50;Beans;Espresso;Decaf Espresso;160;387;Oregon;170;180;120;350;74;Decaf;Profit;;;40;Met;Met;202895;64311
435;69;8;10/1/3031;1060;81;Small Market;West;21;Beans;Coffee;Amaretto;58;160;Utah;80;90;50;170;42;Regular;Profit;;;8;Met;Met;202895;64311
541;53;-19;10/1/3032;470;75;Small Market;West;17;Beans;Coffee;Colombian;21;136;Oregon;60;90;40;150;61;Regular;Profit;;;-19;Met;Missed;202895;64311
253;63;4;10/1/3033;446;93;Small Market;West;20;Beans;Coffee;Colombian;74;166;Washington;70;110;70;180;43;Regular;Profit;;;4;Met;Met;202895;64311
775;15;3;10/1/3034;848;24;Small Market;West;4;Beans;Espresso;Caffe Mocha;13;42;Nevada;10;20;10;30;15;Regular;Profit;;;3;Met;Met;202895;64311
801;101;36;10/1/3035;552;130;Small Market;West;33;Beans;Espresso;Caffe Mocha;126;246;Utah;90;130;90;220;45;Regular;Profit;;;36;Met;Met;202895;64311
702;121;19;10/1/3036;912;168;Small Market;West;109;Leaves;Herbal Tea;Chamomile;39;308;Nevada;110;150;20;260;142;Decaf;Profit;;;19;Met;Met;202895;64311
206;130;61;10/1/3037;1134;195;Small Market;West;42;Leaves;Herbal Tea;Chamomile;181;346;Washington;120;180;120;300;73;Decaf;Profit;;;61;Met;Met;202895;64311
702;173;75;10/1/3038;1150;239;Small Market;West;57;Leaves;Herbal Tea;Lemon;205;439;Nevada;160;220;130;380;101;Decaf;Profit;;;75;Met;Met;202895;64311
541;88;34;10/1/3039;561;112;Small Market;West;29;Leaves;Herbal Tea;Lemon;104;213;Oregon;80;100;70;180;42;Decaf;Profit;;;34;Met;Met;202895;64311
775;113;59;10/1/3040;803;165;Small Market;West;36;Leaves;Herbal Tea;Mint;159;296;Nevada;100;150;100;250;58;Decaf;Profit;;;59;Met;Met;202895;64311
775;228;151;10/1/3041;1691;304;Small Market;West;75;Leaves;Tea;Darjeeling;291;567;Nevada;160;220;140;380;108;Regular;Profit;;;151;Met;Met;202895;64311
702;211;110;10/1/3042;1778;212;Small Market;West;59;Leaves;Tea;Earl Grey;190;451;Nevada;150;150;80;300;84;Regular;Profit;;;110;Met;Met;202895;64311
503;78;42;10/1/3043;798;119;Small Market;West;25;Leaves;Tea;Earl Grey;92;210;Oregon;50;90;50;140;57;Regular;Profit;;;42;Met;Met;202895;64311
775;245;-225;10/1/3044;7653;-245;Small Market;West;93;Leaves;Tea;Green Tea;-505;34;Nevada;180;-180;-280;0;127;Regular;Loss;;;-225;Met;Missed;202895;64311
971;102;62;10/1/3045;666;143;Small Market;West;31;Leaves;Tea;Green Tea;132;261;Oregon;70;100;70;170;54;Regular;Profit;;;62;Met;Met;202895;64311
951;224;-71;10/1/3046;4216;-32;Major Market;West;73;Beans;Coffee;Decaf Irish Cream;-221;205;California;260;-40;-150;220;117;Decaf;Loss;;;-71;Met;Missed;202895;64311
209;247;111;10/1/3047;1744;329;Major Market;West;81;Beans;Espresso;Decaf Espresso;321;614;California;240;310;210;550;113;Decaf;Profit;;;111;Met;Met;202895;64311
209;127;-41;10/1/3048;2947;-25;Major Market;West;40;Beans;Coffee;Amaretto;-131;109;California;150;-30;-90;120;63;Regular;Loss;;;-41;Met;Missed;202895;64311
530;279;52;10/1/3049;2642;420;Major Market;West;97;Beans;Coffee;Colombian;402;745;California;330;500;350;830;149;Regular;Profit;;;52;Met;Met;202895;64311
949;250;73;10/1/3050;1820;251;Major Market;West;70;Beans;Espresso;Caffe Latte;233;534;California;240;240;160;480;94;Regular;Profit;;;73;Met;Met;202895;64311
530;135;6;10/1/3051;940;187;Major Market;West;122;Beans;Espresso;Caffe Mocha;46;343;California;130;180;40;310;156;Regular;Profit;;;6;Met;Met;202895;64311
916;86;52;10/1/3052;1003;124;Major Market;West;24;Leaves;Herbal Tea;Chamomile;132;224;California;80;110;80;190;35;Decaf;Profit;;;52;Met;Met;202895;64311
661;241;109;10/1/3053;1321;284;Major Market;West;74;Leaves;Herbal Tea;Lemon;279;559;California;220;260;170;480;96;Decaf;Profit;;;109;Met;Met;202895;64311
323;123;89;10/1/3054;959;179;Major Market;West;34;Leaves;Tea;Darjeeling;199;322;California;90;130;110;220;45;Regular;Profit;;;89;Met;Met;202895;64311
801;68;-11;10/1/3055;619;85;Small Market;West;25;Beans;Coffee;Decaf Irish Cream;39;163;Utah;80;100;50;180;59;Decaf;Profit;;;-11;Met;Missed;202895;64311
206;105;-20;10/1/3056;716;145;Small Market;West;95;Beans;Coffee;Decaf Irish Cream;30;266;Washington;120;170;50;290;125;Decaf;Profit;;;-20;Met;Missed;202895;64311
971;153;49;10/1/3057;1319;153;Small Market;West;42;Beans;Espresso;Decaf Espresso;129;326;Oregon;150;140;80;290;66;Decaf;Profit;;;49;Met;Met;202895;64311
360;80;16;10/1/3058;1079;96;Small Market;West;24;Beans;Espresso;Decaf Espresso;76;188;Washington;70;100;60;170;45;Decaf;Profit;;;16;Met;Met;202895;64311
435;63;3;10/1/3059;1075;76;Small Market;West;19;Beans;Coffee;Amaretto;53;148;Utah;70;90;50;160;40;Regular;Profit;;;3;Met;Met;202895;64311
360;72;6;10/1/3060;461;104;Small Market;West;23;Beans;Coffee;Colombian;86;188;Washington;80;120;80;200;46;Regular;Profit;;;6;Met;Met;202895;64311
775;16;5;10/1/3061;851;25;Small Market;West;4;Beans;Espresso;Caffe Mocha;15;44;Nevada;10;20;10;30;15;Regular;Profit;;;5;Met;Met;202895;64311
435;94;44;10/1/3062;540;120;Small Market;West;31;Beans;Espresso;Caffe Mocha;114;228;Utah;90;110;70;200;43;Regular;Profit;;;44;Met;Met;202895;64311
702;135;17;10/1/3063;940;187;Small Market;West;122;Leaves;Herbal Tea;Chamomile;47;343;Nevada;120;170;30;290;155;Decaf;Profit;;;17;Met;Met;202895;64311
253;115;46;10/1/3064;1166;174;Small Market;West;37;Leaves;Herbal Tea;Chamomile;156;308;Washington;100;160;110;260;69;Decaf;Profit;;;46;Met;Met;202895;64311
702;224;118;10/1/3065;1191;310;Small Market;West;73;Leaves;Herbal Tea;Lemon;288;569;Nevada;210;280;170;490;116;Decaf;Profit;;;118;Met;Met;202895;64311
503;81;28;10/1/3066;551;104;Small Market;West;26;Leaves;Herbal Tea;Lemon;98;197;Oregon;70;100;70;170;38;Decaf;Profit;;;28;Met;Met;202895;64311
775;127;61;10/1/3067;830;185;Small Market;West;40;Leaves;Herbal Tea;Mint;181;332;Nevada;120;170;120;290;63;Decaf;Profit;;;61;Met;Met;202895;64311
775;247;169;10/1/3068;1744;329;Small Market;West;81;Leaves;Tea;Darjeeling;319;614;Nevada;180;240;150;420;114;Regular;Profit;;;169;Met;Met;202895;64311
775;250;133;10/1/3069;1820;251;Small Market;West;70;Leaves;Tea;Earl Grey;233;534;Nevada;180;180;100;360;94;Regular;Profit;;;133;Met;Met;202895;64311
971;88;48;10/1/3070;817;133;Small Market;West;29;Leaves;Tea;Earl Grey;108;236;Oregon;60;100;60;160;60;Regular;Profit;;;48;Met;Met;202895;64311
775;294;-285;10/1/3071;8252;-294;Small Market;West;111;Leaves;Tea;Green Tea;-605;33;Nevada;210;-210;-320;0;145;Regular;Loss;;;-285;Met;Missed;202895;64311
503;134;80;10/1/3072;690;186;Small Market;West;41;Leaves;Tea;Green Tea;180;341;Oregon;90;140;100;230;65;Regular;Profit;;;80;Met;Met;202895;64311
435;20;-22;10/1/3073;218;25;Small Market;West;7;Leaves;Tea;Green Tea;-22;48;Utah;10;20;0;30;40;Regular;Loss;;;-22;Met;Missed;202895;64311
